yi;vi;study;Publication.Year;Author;Paper.No;Study.No;ES.No;Title;DOI;Journal.Abbreviation;Design;Sample;Blindness;Total.N;N_Intervention;N_Control;Age.Category;Mean.Age;Percent.Females;Country;Stimulation.side;Part.of.the.ear.stimulated;Control.Type;taVNS.Device;Impulse.frequency (Hz);Stimulation.duration.sec.;Pulse width..ms.;Mean.Intensity..mA.;Intensity.fixed.or.mean;Respiratory.Gated;HRV.Recording.Method;HRV.Parameter;HRV.sampling.rate..Hz.;HRV.baseline;Test.Statistic.Type;Test.Statistic.Value;Effect.size.type;Effect.size.Value;p_Value;Mean_HRV_intervention;Mean_HRV_control;Mean_Diff;SD_HRV_intervention;SD_HRV_control;SD_Diff;SE_HRV_intervention;SE_HRV_control;SE_Diff;Median_HRV_intervention;Median_HRV_control;IQR_lower_intervention;IQR_upper_intervention;IQR_lower_control;IQR_upper_control;Direction.of.effect;Inverse;Comment;RMSSD;HF-HRV;pNN50;LF/HF Ratio;SDNN;CVT;Dependent
0.12641309967437062;0.1541534667647939;Antonino, 2017;2017;"Antonino, Diego; Teixeira, André L.; Maia-Lopes, Paulo M.; Souza, Mayara C.; Sabino-Carvalho, Jeann L.; Murray, Aaron R.; Deuchars, Jim; Vianna, Lauro C.";2;1;2;Non-invasive vagus nerve stimulation acutely improves spontaneous cardiac baroreflex sensitivity in healthy young men: A randomized placebo-controlled trial;10.1016/j.brs.2017.05.006;Brain Stimul;within;healthy;single blind;13;13;13;adults;23;0;Brazil;bilateral;tragus;sham;TENS;30;900;200;45;individually;no;ECG (glued);LF/HF Ratio;1000;resting baseline;NA;NA;NA;NA;NA;1.53;1.65;-0.12;1.0816653826391966;0.7211102550927979;NA;0.3;0.2;NA;NA;NA;NA;NA;NA;NA;positive;yes;NA; ; ; ;x; ; ;LF/HF Ratio
0.4207693682587252;0.15725090117817014;Antonino, 2017;2017;"Antonino, Diego; Teixeira, André L.; Maia-Lopes, Paulo M.; Souza, Mayara C.; Sabino-Carvalho, Jeann L.; Murray, Aaron R.; Deuchars, Jim; Vianna, Lauro C.";2;1;1;Non-invasive vagus nerve stimulation acutely improves spontaneous cardiac baroreflex sensitivity in healthy young men: A randomized placebo-controlled trial;10.1016/j.brs.2017.05.006;Brain Stimul;within;healthy;single blind;13;13;13;adults;23;0;Brazil;bilateral;tragus;pre stimulation baseline;TENS;30;900;200;45;individually;no;ECG (glued);LF/HF Ratio;1000;resting baseline;NA;NA;NA;NA;NA;1.53;2;-0.47;1.0816653826391966;1.0816653826391966;NA;0.3;0.3;NA;NA;NA;NA;NA;NA;NA;positive;yes;NA; ; ; ;x; ; ;LF/HF Ratio
-0.28097274122456956;0.14426688716627228;Bretherton, 2019;2019;"Bretherton, Beatrice; Atkinson, Lucy; Murray, Aaron; Clancy, Jennifer; Deuchars, Susan; Deuchars, Jim";6;1;1;Effects of transcutaneous vagus nerve stimulation in individuals aged 55 years or above: potential benefits of daily stimulation;10.18632/aging.102074;aging;within;healthy;single blind;14;14;14;elderly;69.14;35.71;UK;bilateral;tragus;sham;TENS;30;900;200;3;individually;no;ECG (glued);HF-HRV;2000;resting baseline;NA;NA;NA;NA;NA;317.45;503.01;-185.56;176.64364522959778;889.3545442622981;NA;47.21;237.69;NA;NA;NA;NA;NA;NA;NA;negative;no;NA;x;x;x;x;x; ;RMSSD, HF-HRV, pNN50, LF/HF Ratio, SDNN
0.27226734609701375;0.144180884066977;Bretherton, 2019;2019;"Bretherton, Beatrice; Atkinson, Lucy; Murray, Aaron; Clancy, Jennifer; Deuchars, Susan; Deuchars, Jim";6;1;2;Effects of transcutaneous vagus nerve stimulation in individuals aged 55 years or above: potential benefits of daily stimulation;10.18632/aging.102074;aging;within;healthy;single blind;14;14;14;elderly;69.14;35.71;UK;bilateral;tragus;sham;TENS;30;900;200;3;individually;no;ECG (glued);LF/HF Ratio;2000;resting baseline;NA;NA;NA;NA;NA;1.33;1.61;-0.28;0.7483314773547883;1.1973303637676613;NA;0.2;0.32;NA;NA;NA;NA;NA;NA;NA;positive;yes;NA;x;x;x;x;x; ;RMSSD, HF-HRV, pNN50, LF/HF Ratio, SDNN
-0.04561529541990303;0.1428942991995758;Bretherton, 2019;2019;"Bretherton, Beatrice; Atkinson, Lucy; Murray, Aaron; Clancy, Jennifer; Deuchars, Susan; Deuchars, Jim";6;1;3;Effects of transcutaneous vagus nerve stimulation in individuals aged 55 years or above: potential benefits of daily stimulation;10.18632/aging.102074;aging;within;healthy;single blind;14;14;14;elderly;69.14;35.71;UK;bilateral;tragus;sham;TENS;30;900;200;3;individually;no;ECG (glued);SDNN;2000;resting baseline;NA;NA;NA;NA;NA;43.81;44.61;-0.7999999999999972;18.37153776906005;15.565294728979596;NA;4.91;4.16;NA;NA;NA;NA;NA;NA;NA;negative;no;NA;x;x;x;x;x; ;RMSSD, HF-HRV, pNN50, LF/HF Ratio, SDNN
0.011703135632700985;0.14285958863185066;Bretherton, 2019;2019;"Bretherton, Beatrice; Atkinson, Lucy; Murray, Aaron; Clancy, Jennifer; Deuchars, Susan; Deuchars, Jim";6;1;4;Effects of transcutaneous vagus nerve stimulation in individuals aged 55 years or above: potential benefits of daily stimulation;10.18632/aging.102074;aging;within;healthy;single blind;14;14;14;elderly;69.14;35.71;UK;bilateral;tragus;sham;TENS;30;900;200;3;individually;no;ECG (glued);RMSSD;2000;resting baseline;NA;NA;NA;NA;NA;32.56;32.28;0.28000000000000114;19.007619524811624;26.79026688930142;NA;5.08;7.16;NA;NA;NA;NA;NA;NA;NA;positive;no;NA;x;x;x;x;x; ;RMSSD, HF-HRV, pNN50, LF/HF Ratio, SDNN
0.10393130488686637;0.14305003064527655;Bretherton, 2019;2019;"Bretherton, Beatrice; Atkinson, Lucy; Murray, Aaron; Clancy, Jennifer; Deuchars, Susan; Deuchars, Jim";6;1;5;Effects of transcutaneous vagus nerve stimulation in individuals aged 55 years or above: potential benefits of daily stimulation;10.18632/aging.102074;aging;within;healthy;single blind;14;14;14;elderly;69.14;35.71;UK;bilateral;tragus;sham;TENS;30;900;200;3;individually;no;ECG (glued);pNN50;2000;resting baseline;NA;NA;NA;NA;NA;9.07;8.07;1;8.643228563447805;9.990225222686423;NA;2.31;2.67;NA;NA;NA;NA;NA;NA;NA;positive;no;NA;x;x;x;x;x; ;RMSSD, HF-HRV, pNN50, LF/HF Ratio, SDNN
0.13897472542253292;0.03931036261914837;Bretherton, 2019;2019;"Bretherton, Beatrice; Atkinson, Lucy; Murray, Aaron; Clancy, Jennifer; Deuchars, Susan; Deuchars, Jim";6;2;1;Effects of transcutaneous vagus nerve stimulation in individuals aged 55 years or above: potential benefits of daily stimulation;10.18632/aging.102074;aging;within;healthy;transparent;48;51;51;elderly;65.28;54.17;UK;bilateral;tragus;pre stimulation baseline;TENS;30;900;200;3;individually;no;ECG (glued);RMSSD;2000;resting baseline;NA;NA;NA;NA;7e-4;31;28;3;21.42428528562855;21.42428528562855;NA;3;3;NA;NA;NA;NA;NA;NA;NA;positive;no;NA;x;x;x;x;x; ;RMSSD, HF-HRV, pNN50, LF/HF Ratio, SDNN
-0.06948736271126645;0.03923935536066945;Bretherton, 2019;2019;"Bretherton, Beatrice; Atkinson, Lucy; Murray, Aaron; Clancy, Jennifer; Deuchars, Susan; Deuchars, Jim";6;2;2;Effects of transcutaneous vagus nerve stimulation in individuals aged 55 years or above: potential benefits of daily stimulation;10.18632/aging.102074;aging;within;healthy;transparent;48;51;51;elderly;65.28;54.17;UK;bilateral;tragus;pre stimulation baseline;TENS;30;900;200;3;individually;no;ECG (glued);pNN50;2000;resting baseline;NA;NA;NA;NA;5e-4;9;10;-1;14.2828568570857;14.2828568570857;NA;2;2;NA;NA;NA;NA;NA;NA;NA;positive;no;NA;x;x;x;x;x; ;RMSSD, HF-HRV, pNN50, LF/HF Ratio, SDNN
0.13400066034689193;0.039303706749869625;Bretherton, 2019;2019;"Bretherton, Beatrice; Atkinson, Lucy; Murray, Aaron; Clancy, Jennifer; Deuchars, Susan; Deuchars, Jim";6;2;3;Effects of transcutaneous vagus nerve stimulation in individuals aged 55 years or above: potential benefits of daily stimulation;10.18632/aging.102074;aging;within;healthy;transparent;48;51;51;elderly;65.28;54.17;UK;bilateral;tragus;pre stimulation baseline;TENS;30;900;200;3;individually;no;ECG (glued);LF/HF Ratio;2000;resting baseline;NA;NA;NA;NA;NA;1.4;1.58;-0.18;1.1426285485668561;1.4996999699939986;NA;0.16;0.21;NA;NA;NA;NA;NA;NA;NA;positive;yes;NA;x;x;x;x;x; ;RMSSD, HF-HRV, pNN50, LF/HF Ratio, SDNN
0.07506464033850394;0.039243307354064456;Bretherton, 2019;2019;"Bretherton, Beatrice; Atkinson, Lucy; Murray, Aaron; Clancy, Jennifer; Deuchars, Susan; Deuchars, Jim";6;2;4;Effects of transcutaneous vagus nerve stimulation in individuals aged 55 years or above: potential benefits of daily stimulation;10.18632/aging.102074;aging;within;healthy;transparent;48;51;51;elderly;65.28;54.17;UK;bilateral;tragus;pre stimulation baseline;TENS;30;900;200;3;individually;no;ECG (glued);HF-HRV;2000;resting baseline;NA;NA;NA;NA;NA;388;351;37;492.7585615694567;485.61713314091384;NA;69;68;NA;NA;NA;NA;NA;NA;NA;positive;no;NA;x;x;x;x;x; ;RMSSD, HF-HRV, pNN50, LF/HF Ratio, SDNN
0.3815726044446048;0.039929400257169796;Bretherton, 2019;2019;"Bretherton, Beatrice; Atkinson, Lucy; Murray, Aaron; Clancy, Jennifer; Deuchars, Susan; Deuchars, Jim";6;2;5;Effects of transcutaneous vagus nerve stimulation in individuals aged 55 years or above: potential benefits of daily stimulation;10.18632/aging.102074;aging;within;healthy;transparent;48;51;51;elderly;65.28;54.17;UK;bilateral;tragus;pre stimulation baseline;TENS;30;900;200;3;individually;no;ECG (glued);SDNN;2000;resting baseline;NA;NA;NA;NA;NA;42;35;7;21.42428528562855;14.2828568570857;NA;3;2;NA;NA;NA;NA;NA;NA;NA;positive;no;NA;x;x;x;x;x; ;RMSSD, HF-HRV, pNN50, LF/HF Ratio, SDNN
0.0025;0.2031;Burger, 2019a;2019;"Burger, A. M.; Van der Does, W.; Thayer, J. F.; Brosschot, J. F.; Verkuil, B.";7;1;1;Transcutaneous vagus nerve stimulation reduces spontaneous but not induced negative thought intrusions in high worriers;10.1016/j.biopsycho.2019.01.014;Biol Psychol;between;high worriers;single blind;97;48;49;adults;21.04;80.41;Netherlands;left;cymba concha;sham;Cerbomed;25;900;250;0.5;fixed;no;ECG (chest strap);RMSSD;1024;resting baseline;NA;NA;g;0.0025;NA;NA;NA;NA;NA;NA;NA;NA;NA;NA;NA;NA;NA;NA;NA;NA;null;no;NA;x; ; ; ; ; ;RMSSD
0.1562;0.2034;Burger, 2019a;2019;"Burger, A. M.; Van der Does, W.; Thayer, J. F.; Brosschot, J. F.; Verkuil, B.";7;1;2;Transcutaneous vagus nerve stimulation reduces spontaneous but not induced negative thought intrusions in high worriers;10.1016/j.biopsycho.2019.01.014;Biol Psychol;between;high worriers;single blind;97;48;49;adults;21.04;80.41;Netherlands;left;cymba concha;sham;Cerbomed;25;900;250;0.5;fixed;no;ECG (chest strap);RMSSD;1024;resting baseline;NA;NA;g;0.1562;NA;NA;NA;NA;NA;NA;NA;NA;NA;NA;NA;NA;NA;NA;NA;NA;null;no;NA;x; ; ; ; ; ;RMSSD
0.0434;0.2031;Burger, 2019a;2019;"Burger, A. M.; Van der Does, W.; Thayer, J. F.; Brosschot, J. F.; Verkuil, B.";7;1;3;Transcutaneous vagus nerve stimulation reduces spontaneous but not induced negative thought intrusions in high worriers;10.1016/j.biopsycho.2019.01.014;Biol Psychol;between;high worriers;single blind;97;48;49;adults;21.04;80.41;Netherlands;left;cymba concha;sham;Cerbomed;25;900;250;0.5;fixed;no;ECG (chest strap);RMSSD;1024;resting baseline;NA;NA;g;0.0434;NA;NA;NA;NA;NA;NA;NA;NA;NA;NA;NA;NA;NA;NA;NA;NA;null;no;NA;x; ; ; ; ; ;RMSSD
0.2099;0.2634;Burger, 2019b;2019;"Burger, A. M.; Van Diest, I.; Van der Does, W.; Korbee, J. N.; Waziri, N.; Brosschot, J. F.; Verkuil, B.";8;1;1;The effect of transcutaneous vagus nerve stimulation on fear generalization and subsequent fear extinction;10.1016/j.nlm.2019.04.006;Neurobiol Learn Mem;between;healthy;single blind;58;29;29;adults;21.8;82.76;Netherlands;left;cymba concha;sham;Cerbomed;25;1740;250;0.5;fixed;no;ECG (glued);RMSSD;1000;resting baseline;t;0.81;g;0.2099;0.42;NA;NA;0.15;NA;NA;NA;NA;NA;0.19;NA;NA;NA;NA;NA;NA;null;no;NA;x; ; ; ; ; ;RMSSD
0.25708194989119765;0.05930949359529309;Clancy, 2014;2014;"Clancy, Jennifer A.; Mary, David A.; Witte, Klaus K.; Greenwood, John P.; Deuchars, Susan A.; Deuchars, Jim";13;1;1;Non-invasive vagus nerve stimulation in healthy humans reduces sympathetic nerve activity;10.1016/j.brs.2014.07.031;Brain Stimul;within;healthy;single blind;34;34;34;adults;34;52.94;UK;bilateral;tragus;pre stimulation baseline;TENS;30;900;200;30;individually;no;ECG (glued);LF/HF Ratio;12000;resting baseline;NA;NA;NA;NA;0.026;1.04;1.26;-0.22;0.8163332652783422;0.8746427842267951;NA;0.14;0.15;NA;NA;NA;NA;NA;NA;NA;positive;yes;NA; ;x; ;x; ; ;HF-HRV, LF/HF Ratio
0.15699009251609053;0.10109706414641431;Clancy, 2014;2014;"Clancy, Jennifer A.; Mary, David A.; Witte, Klaus K.; Greenwood, John P.; Deuchars, Susan A.; Deuchars, Jim";13;1;2;Non-invasive vagus nerve stimulation in healthy humans reduces sympathetic nerve activity;10.1016/j.brs.2014.07.031;Brain Stimul;between;healthy;single blind;48;34;14;adults;35.17;50;UK;bilateral;tragus;sham;TENS;30;900;200;30;individually;no;ECG (glued);LF/HF Ratio;12000;resting baseline;NA;NA;NA;NA;NA;1.04;1.19;-0.15;0.8163332652783422;1.1973303637676613;NA;0.14;0.32;NA;NA;NA;NA;NA;NA;NA;positive;yes;NA; ;x; ;x; ; ;HF-HRV, LF/HF Ratio
0.06146373544738634;0.05885130728511137;Clancy, 2014;2014;"Clancy, Jennifer A.; Mary, David A.; Witte, Klaus K.; Greenwood, John P.; Deuchars, Susan A.; Deuchars, Jim";13;1;1;Non-invasive vagus nerve stimulation in healthy humans reduces sympathetic nerve activity;10.1016/j.brs.2014.07.031;Brain Stimul;within;healthy;single blind;34;34;34;adults;34;52.94;UK;bilateral;tragus;pre stimulation baseline;TENS;30;900;200;30;individually;no;ECG (glued);HF-HRV;12000;resting baseline;NA;NA;NA;NA;0.026;1043.02;972.67;70.35000000000002;1041.6995560141131;1214.703898734173;NA;178.65;208.32;NA;NA;NA;NA;NA;NA;NA;positive;no;NA; ;x; ;x; ; ;HF-HRV, LF/HF Ratio
-0.24558333136488597;0.10146857751616499;Clancy, 2014;2014;"Clancy, Jennifer A.; Mary, David A.; Witte, Klaus K.; Greenwood, John P.; Deuchars, Susan A.; Deuchars, Jim";13;1;2;Non-invasive vagus nerve stimulation in healthy humans reduces sympathetic nerve activity;10.1016/j.brs.2014.07.031;Brain Stimul;between;healthy;single blind;48;34;14;adults;35.17;50;UK;bilateral;tragus;sham;TENS;30;900;200;30;individually;no;ECG (glued);HF-HRV;12000;resting baseline;NA;NA;NA;NA;NA;1043.02;1286.4;-243.3800000000001;1041.6995560141131;779.4620668127475;NA;178.65;208.32;NA;NA;NA;NA;NA;NA;NA;negative;no;NA; ;x; ;x; ; ;HF-HRV, LF/HF Ratio
0.15577881877421398;0.06686889200315574;De Couck, 2017;2017;"De Couck, M.; Cserjesi, R.; Caers, R.; Zijlstra, W.P.; Widjaja, D.; Wolf, N.; Luminet, O.; Ellrich, J.; Gidron, Y.";16;1;1;Effects of short and prolonged transcutaneous vagus nerve stimulation on heart rate variability in healthy subjects;10.1016/j.autneu.2016.11.003;Autonomic Neuroscience;within;healthy;single blind;30;30;30;adults;37;50;Belgium;right;cymba concha;sham;Cerbomed;25;300;250;0.7;individually;no;ECG (glued);SDNN;1024;resting baseline;NA;NA;d;0.726;0.001;65.9;60.9;5.000000000000007;35.6;27.2;NA;NA;NA;NA;NA;NA;NA;NA;NA;NA;positive;no;No stimulation sham;x;x; ;x;x; ;RMSSD, HF-HRV, LF/HF Ratio, SDNN
0.00766791221569872;0.0666671566406479;De Couck, 2017;2017;"De Couck, M.; Cserjesi, R.; Caers, R.; Zijlstra, W.P.; Widjaja, D.; Wolf, N.; Luminet, O.; Ellrich, J.; Gidron, Y.";16;1;2;Effects of short and prolonged transcutaneous vagus nerve stimulation on heart rate variability in healthy subjects;10.1016/j.autneu.2016.11.003;Autonomic Neuroscience;within;healthy;single blind;30;30;30;adults;37;50;Belgium;left;cymba concha;sham;Cerbomed;25;300;250;0.7;individually;no;ECG (glued);SDNN;1024;resting baseline;NA;NA;d;0.514;0.015;61.1;60.9;0.20000000000000284;24.2;27.2;NA;NA;NA;NA;NA;NA;NA;NA;NA;NA;positive;no;No stimulation sham;x;x; ;x;x; ;RMSSD, HF-HRV, LF/HF Ratio, SDNN
-0.007534378481129644;0.0666671397238258;De Couck, 2017;2017;"De Couck, M.; Cserjesi, R.; Caers, R.; Zijlstra, W.P.; Widjaja, D.; Wolf, N.; Luminet, O.; Ellrich, J.; Gidron, Y.";16;1;3;Effects of short and prolonged transcutaneous vagus nerve stimulation on heart rate variability in healthy subjects;10.1016/j.autneu.2016.11.003;Autonomic Neuroscience;within;healthy;single blind;30;30;30;adults;37;50;Belgium;right;cymba concha;sham;Cerbomed;25;300;250;0.7;individually;no;ECG (glued);RMSSD;1024;resting baseline;NA;NA;d;0.264;0.207;45.1;45.3;-0.19999999999999574;26.2;26.2;NA;NA;NA;NA;NA;NA;NA;NA;NA;NA;null;no;No stimulation sham;x;x; ;x;x; ;RMSSD, HF-HRV, LF/HF Ratio, SDNN
-0.08303647835664651;0.06672412547281562;De Couck, 2017;2017;"De Couck, M.; Cserjesi, R.; Caers, R.; Zijlstra, W.P.; Widjaja, D.; Wolf, N.; Luminet, O.; Ellrich, J.; Gidron, Y.";16;1;4;Effects of short and prolonged transcutaneous vagus nerve stimulation on heart rate variability in healthy subjects;10.1016/j.autneu.2016.11.003;Autonomic Neuroscience;within;healthy;single blind;30;30;30;adults;37;50;Belgium;left;cymba concha;sham;Cerbomed;25;300;250;0.7;individually;no;ECG (glued);RMSSD;1024;resting baseline;NA;NA;d;0.066;0.729;43.1;45.3;-2.1999999999999957;26.1;26.2;NA;NA;NA;NA;NA;NA;NA;NA;NA;NA;null;no;No stimulation sham;x;x; ;x;x; ;RMSSD, HF-HRV, LF/HF Ratio, SDNN
0.05676495148305393;0.06669351883097395;De Couck, 2017;2017;"De Couck, M.; Cserjesi, R.; Caers, R.; Zijlstra, W.P.; Widjaja, D.; Wolf, N.; Luminet, O.; Ellrich, J.; Gidron, Y.";16;1;5;Effects of short and prolonged transcutaneous vagus nerve stimulation on heart rate variability in healthy subjects;10.1016/j.autneu.2016.11.003;Autonomic Neuroscience;within;healthy;single blind;30;30;30;adults;37;50;Belgium;right;cymba concha;sham;Cerbomed;25;300;250;0.7;individually;no;ECG (glued);HF-HRV;1024;resting baseline;NA;NA;d;0.308;0.143;1008.4;931.9;76.5;1468.6;1175.5;NA;NA;NA;NA;NA;NA;NA;NA;NA;NA;null;no;No stimulation sham;x;x; ;x;x; ;RMSSD, HF-HRV, LF/HF Ratio, SDNN
-0.05493148780879488;0.06669181223627406;De Couck, 2017;2017;"De Couck, M.; Cserjesi, R.; Caers, R.; Zijlstra, W.P.; Widjaja, D.; Wolf, N.; Luminet, O.; Ellrich, J.; Gidron, Y.";16;1;6;Effects of short and prolonged transcutaneous vagus nerve stimulation on heart rate variability in healthy subjects;10.1016/j.autneu.2016.11.003;Autonomic Neuroscience;within;healthy;single blind;30;30;30;adults;37;50;Belgium;left;cymba concha;sham;Cerbomed;25;300;250;0.7;individually;no;ECG (glued);HF-HRV;1024;resting baseline;NA;NA;d;0.084;0.697;867.2;931.9;-64.69999999999993;1149.4;1175.5;NA;NA;NA;NA;NA;NA;NA;NA;NA;NA;null;no;No stimulation sham;x;x; ;x;x; ;RMSSD, HF-HRV, LF/HF Ratio, SDNN
0.04154193819272239;0.06668104777190673;De Couck, 2017;2017;"De Couck, M.; Cserjesi, R.; Caers, R.; Zijlstra, W.P.; Widjaja, D.; Wolf, N.; Luminet, O.; Ellrich, J.; Gidron, Y.";16;1;7;Effects of short and prolonged transcutaneous vagus nerve stimulation on heart rate variability in healthy subjects;10.1016/j.autneu.2016.11.003;Autonomic Neuroscience;within;healthy;single blind;30;30;30;adults;37;50;Belgium;right;cymba concha;sham;Cerbomed;25;300;250;0.7;individually;no;ECG (glued);LF/HF Ratio;1024;resting baseline;NA;NA;d;0.023;0.912;2.2;2.3;-0.09999999999999964;2;2.7;NA;NA;NA;NA;NA;NA;NA;NA;NA;NA;null;yes;No stimulation sham;x;x; ;x;x; ;RMSSD, HF-HRV, LF/HF Ratio, SDNN
0.0816151514742711;0.06672217527458474;De Couck, 2017;2017;"De Couck, M.; Cserjesi, R.; Caers, R.; Zijlstra, W.P.; Widjaja, D.; Wolf, N.; Luminet, O.; Ellrich, J.; Gidron, Y.";16;1;8;Effects of short and prolonged transcutaneous vagus nerve stimulation on heart rate variability in healthy subjects;10.1016/j.autneu.2016.11.003;Autonomic Neuroscience;within;healthy;single blind;30;30;30;adults;37;50;Belgium;left;cymba concha;sham;Cerbomed;25;300;250;0.7;individually;no;ECG (glued);LF/HF Ratio;1024;resting baseline;NA;NA;d;0.195;0.347;2.1;2.3;-0.19999999999999973;2.1;2.7;NA;NA;NA;NA;NA;NA;NA;NA;NA;NA;null;yes;No stimulation sham;x;x; ;x;x; ;RMSSD, HF-HRV, LF/HF Ratio, SDNN
0.3019574273518759;0.0674264857327747;De Couck, 2017;2017;"De Couck, M.; Cserjesi, R.; Caers, R.; Zijlstra, W.P.; Widjaja, D.; Wolf, N.; Luminet, O.; Ellrich, J.; Gidron, Y.";16;1;1;Effects of short and prolonged transcutaneous vagus nerve stimulation on heart rate variability in healthy subjects;10.1016/j.autneu.2016.11.003;Autonomic Neuroscience;within;healthy;single blind;30;30;30;adults;37;50;Belgium;right;cymba concha;pre stimulation baseline;Cerbomed;25;300;250;0.7;individually;no;ECG (glued);SDNN;1024;resting baseline;NA;NA;d;0.726;0.001;65.9;56.6;9.300000000000004;35.6;24.1;NA;NA;NA;NA;NA;NA;NA;NA;NA;NA;positive;no;No stimulation sham;x;x; ;x;x; ;RMSSD, HF-HRV, LF/HF Ratio, SDNN
0.18391331657612492;0.06694853423345025;De Couck, 2017;2017;"De Couck, M.; Cserjesi, R.; Caers, R.; Zijlstra, W.P.; Widjaja, D.; Wolf, N.; Luminet, O.; Ellrich, J.; Gidron, Y.";16;1;2;Effects of short and prolonged transcutaneous vagus nerve stimulation on heart rate variability in healthy subjects;10.1016/j.autneu.2016.11.003;Autonomic Neuroscience;within;healthy;single blind;30;30;30;adults;37;50;Belgium;left;cymba concha;pre stimulation baseline;Cerbomed;25;300;250;0.7;individually;no;ECG (glued);SDNN;1024;resting baseline;NA;NA;d;0.514;0.015;61.1;56.6;4.5;24.2;24.1;NA;NA;NA;NA;NA;NA;NA;NA;NA;NA;positive;no;No stimulation sham;x;x; ;x;x; ;RMSSD, HF-HRV, LF/HF Ratio, SDNN
0.11763155306984222;0.06678197651898019;De Couck, 2017;2017;"De Couck, M.; Cserjesi, R.; Caers, R.; Zijlstra, W.P.; Widjaja, D.; Wolf, N.; Luminet, O.; Ellrich, J.; Gidron, Y.";16;1;3;Effects of short and prolonged transcutaneous vagus nerve stimulation on heart rate variability in healthy subjects;10.1016/j.autneu.2016.11.003;Autonomic Neuroscience;within;healthy;single blind;30;30;30;adults;37;50;Belgium;right;cymba concha;pre stimulation baseline;Cerbomed;25;300;250;0.7;individually;no;ECG (glued);RMSSD;1024;resting baseline;NA;NA;d;0.264;0.207;45.1;42.1;3;26.2;24.1;NA;NA;NA;NA;NA;NA;NA;NA;NA;NA;null;no;No stimulation sham;x;x; ;x;x; ;RMSSD, HF-HRV, LF/HF Ratio, SDNN
0.03929168081944242;0.06667953196818013;De Couck, 2017;2017;"De Couck, M.; Cserjesi, R.; Caers, R.; Zijlstra, W.P.; Widjaja, D.; Wolf, N.; Luminet, O.; Ellrich, J.; Gidron, Y.";16;1;4;Effects of short and prolonged transcutaneous vagus nerve stimulation on heart rate variability in healthy subjects;10.1016/j.autneu.2016.11.003;Autonomic Neuroscience;within;healthy;single blind;30;30;30;adults;37;50;Belgium;left;cymba concha;pre stimulation baseline;Cerbomed;25;300;250;0.7;individually;no;ECG (glued);RMSSD;1024;resting baseline;NA;NA;d;0.066;0.729;43.1;42.1;1;26.1;24.1;NA;NA;NA;NA;NA;NA;NA;NA;NA;NA;null;no;No stimulation sham;x;x; ;x;x; ;RMSSD, HF-HRV, LF/HF Ratio, SDNN
0.13278900338896785;0.06681360766184195;De Couck, 2017;2017;"De Couck, M.; Cserjesi, R.; Caers, R.; Zijlstra, W.P.; Widjaja, D.; Wolf, N.; Luminet, O.; Ellrich, J.; Gidron, Y.";16;1;5;Effects of short and prolonged transcutaneous vagus nerve stimulation on heart rate variability in healthy subjects;10.1016/j.autneu.2016.11.003;Autonomic Neuroscience;within;healthy;single blind;30;30;30;adults;37;50;Belgium;right;cymba concha;pre stimulation baseline;Cerbomed;25;300;250;0.7;individually;no;ECG (glued);HF-HRV;1024;resting baseline;NA;NA;d;0.308;0.143;1008.4;839.3;169.10000000000002;1468.6;1001.4;NA;NA;NA;NA;NA;NA;NA;NA;NA;NA;null;no;No stimulation sham;x;x; ;x;x; ;RMSSD, HF-HRV, LF/HF Ratio, SDNN
0.02554624811609214;0.06667210508994008;De Couck, 2017;2017;"De Couck, M.; Cserjesi, R.; Caers, R.; Zijlstra, W.P.; Widjaja, D.; Wolf, N.; Luminet, O.; Ellrich, J.; Gidron, Y.";16;1;6;Effects of short and prolonged transcutaneous vagus nerve stimulation on heart rate variability in healthy subjects;10.1016/j.autneu.2016.11.003;Autonomic Neuroscience;within;healthy;single blind;30;30;30;adults;37;50;Belgium;left;cymba concha;pre stimulation baseline;Cerbomed;25;300;250;0.7;individually;no;ECG (glued);HF-HRV;1024;resting baseline;NA;NA;d;0.084;0.697;867.2;839.3;27.90000000000009;1149.4;1001.4;NA;NA;NA;NA;NA;NA;NA;NA;NA;NA;null;no;No stimulation sham;x;x; ;x;x; ;RMSSD, HF-HRV, LF/HF Ratio, SDNN
-0;0.06666666666666667;De Couck, 2017;2017;"De Couck, M.; Cserjesi, R.; Caers, R.; Zijlstra, W.P.; Widjaja, D.; Wolf, N.; Luminet, O.; Ellrich, J.; Gidron, Y.";16;1;7;Effects of short and prolonged transcutaneous vagus nerve stimulation on heart rate variability in healthy subjects;10.1016/j.autneu.2016.11.003;Autonomic Neuroscience;within;healthy;single blind;30;30;30;adults;37;50;Belgium;right;cymba concha;pre stimulation baseline;Cerbomed;25;300;250;0.7;individually;no;ECG (glued);LF/HF Ratio;1024;resting baseline;NA;NA;d;0.023;0.912;2.2;2.2;0;2;2.5;NA;NA;NA;NA;NA;NA;NA;NA;NA;NA;null;yes;No stimulation sham;x;x; ;x;x; ;RMSSD, HF-HRV, LF/HF Ratio, SDNN
0.04275187078759067;0.066681897687132;De Couck, 2017;2017;"De Couck, M.; Cserjesi, R.; Caers, R.; Zijlstra, W.P.; Widjaja, D.; Wolf, N.; Luminet, O.; Ellrich, J.; Gidron, Y.";16;1;8;Effects of short and prolonged transcutaneous vagus nerve stimulation on heart rate variability in healthy subjects;10.1016/j.autneu.2016.11.003;Autonomic Neuroscience;within;healthy;single blind;30;30;30;adults;37;50;Belgium;left;cymba concha;pre stimulation baseline;Cerbomed;25;300;250;0.7;individually;no;ECG (glued);LF/HF Ratio;1024;resting baseline;NA;NA;d;0.195;0.347;2.1;2.2;-0.10000000000000009;2.1;2.5;NA;NA;NA;NA;NA;NA;NA;NA;NA;NA;null;yes;No stimulation sham;x;x; ;x;x; ;RMSSD, HF-HRV, LF/HF Ratio, SDNN
-0.03827692780933458;0.06667887602668768;De Couck, 2017;2017;"De Couck, M.; Cserjesi, R.; Caers, R.; Zijlstra, W.P.; Widjaja, D.; Wolf, N.; Luminet, O.; Ellrich, J.; Gidron, Y.";16;2;1;Effects of short and prolonged transcutaneous vagus nerve stimulation on heart rate variability in healthy subjects;10.1016/j.autneu.2016.11.003;Autonomic Neuroscience;within;healthy;single blind;30;30;30;adults;44;50;Belgium;right;cymba concha;pre stimulation baseline;Cerbomed;25;300;250;1;individually;no;ECG (glued);SDNN;1024;resting baseline;NA;NA;d;0.004;0.777;44.4;45.03;-0.6300000000000026;16.3;16.19;NA;NA;NA;NA;NA;NA;NA;NA;NA;NA;null;no;NA;x;x; ;x;x; ;RMSSD, HF-HRV, LF/HF Ratio, SDNN
0.5507526075577713;0.06919440362276404;De Couck, 2017;2017;"De Couck, M.; Cserjesi, R.; Caers, R.; Zijlstra, W.P.; Widjaja, D.; Wolf, N.; Luminet, O.; Ellrich, J.; Gidron, Y.";16;2;2;Effects of short and prolonged transcutaneous vagus nerve stimulation on heart rate variability in healthy subjects;10.1016/j.autneu.2016.11.003;Autonomic Neuroscience;within;healthy;single blind;30;30;30;adults;44;50;Belgium;right;cymba concha;pre stimulation baseline;Cerbomed;25;2100;250;1;individually;no;ECG (glued);SDNN;1024;resting baseline;NA;NA;d;0;0.992;55;45.03;9.969999999999999;19.4;16.19;NA;NA;NA;NA;NA;NA;NA;NA;NA;NA;null;no;NA;x;x; ;x;x; ;RMSSD, HF-HRV, LF/HF Ratio, SDNN
0.3707053301192703;0.06781185368149031;De Couck, 2017;2017;"De Couck, M.; Cserjesi, R.; Caers, R.; Zijlstra, W.P.; Widjaja, D.; Wolf, N.; Luminet, O.; Ellrich, J.; Gidron, Y.";16;2;3;Effects of short and prolonged transcutaneous vagus nerve stimulation on heart rate variability in healthy subjects;10.1016/j.autneu.2016.11.003;Autonomic Neuroscience;within;healthy;single blind;30;30;30;adults;44;50;Belgium;right;cymba concha;pre stimulation baseline;Cerbomed;25;3600;250;1;individually;no;ECG (glued);SDNN;1024;resting baseline;NA;NA;d;0.004;0.778;51.7;45.03;6.670000000000002;19.2;16.19;NA;NA;NA;NA;NA;NA;NA;NA;NA;NA;null;no;NA;x;x; ;x;x; ;RMSSD, HF-HRV, LF/HF Ratio, SDNN
-0.005074551772510782;0.0666668812589641;De Couck, 2017;2017;"De Couck, M.; Cserjesi, R.; Caers, R.; Zijlstra, W.P.; Widjaja, D.; Wolf, N.; Luminet, O.; Ellrich, J.; Gidron, Y.";16;2;4;Effects of short and prolonged transcutaneous vagus nerve stimulation on heart rate variability in healthy subjects;10.1016/j.autneu.2016.11.003;Autonomic Neuroscience;within;healthy;single blind;30;30;30;adults;44;50;Belgium;right;cymba concha;pre stimulation baseline;Cerbomed;25;300;250;1;individually;no;ECG (glued);RMSSD;1024;resting baseline;NA;NA;d;0.016;0.564;32.1;32.2;-0.10000000000000142;19.4;19.5;NA;NA;NA;NA;NA;NA;NA;NA;NA;NA;null;no;NA;x;x; ;x;x; ;RMSSD, HF-HRV, LF/HF Ratio, SDNN
0.017021098378950144;0.06666908098158354;De Couck, 2017;2017;"De Couck, M.; Cserjesi, R.; Caers, R.; Zijlstra, W.P.; Widjaja, D.; Wolf, N.; Luminet, O.; Ellrich, J.; Gidron, Y.";16;2;5;Effects of short and prolonged transcutaneous vagus nerve stimulation on heart rate variability in healthy subjects;10.1016/j.autneu.2016.11.003;Autonomic Neuroscience;within;healthy;single blind;30;30;30;adults;44;50;Belgium;right;cymba concha;pre stimulation baseline;Cerbomed;25;2100;250;1;individually;no;ECG (glued);RMSSD;1024;resting baseline;NA;NA;d;0.004;0.766;32.5;32.2;0.29999999999999716;15;19.5;NA;NA;NA;NA;NA;NA;NA;NA;NA;NA;null;no;NA;x;x; ;x;x; ;RMSSD, HF-HRV, LF/HF Ratio, SDNN
0.10173720781890776;0.06675292049545656;De Couck, 2017;2017;"De Couck, M.; Cserjesi, R.; Caers, R.; Zijlstra, W.P.; Widjaja, D.; Wolf, N.; Luminet, O.; Ellrich, J.; Gidron, Y.";16;2;6;Effects of short and prolonged transcutaneous vagus nerve stimulation on heart rate variability in healthy subjects;10.1016/j.autneu.2016.11.003;Autonomic Neuroscience;within;healthy;single blind;30;30;30;adults;44;50;Belgium;right;cymba concha;pre stimulation baseline;Cerbomed;25;3600;250;1;individually;no;ECG (glued);RMSSD;1024;resting baseline;NA;NA;d;0.003;0.792;34.1;32.2;1.8999999999999986;17.3;19.5;NA;NA;NA;NA;NA;NA;NA;NA;NA;NA;null;no;NA;x;x; ;x;x; ;RMSSD, HF-HRV, LF/HF Ratio, SDNN
0.15680281913917832;0.06687155936741661;De Couck, 2017;2017;"De Couck, M.; Cserjesi, R.; Caers, R.; Zijlstra, W.P.; Widjaja, D.; Wolf, N.; Luminet, O.; Ellrich, J.; Gidron, Y.";16;2;7;Effects of short and prolonged transcutaneous vagus nerve stimulation on heart rate variability in healthy subjects;10.1016/j.autneu.2016.11.003;Autonomic Neuroscience;within;healthy;single blind;30;30;30;adults;44;50;Belgium;right;cymba concha;pre stimulation baseline;Cerbomed;25;300;250;1;individually;no;ECG (glued);HF-HRV;1024;resting baseline;NA;NA;d;0.133;0.087;519.6;415.4;104.20000000000005;766;523.1;NA;NA;NA;NA;NA;NA;NA;NA;NA;NA;null;no;NA;x;x; ;x;x; ;RMSSD, HF-HRV, LF/HF Ratio, SDNN
0.0601359608053878;0.06669680278151656;De Couck, 2017;2017;"De Couck, M.; Cserjesi, R.; Caers, R.; Zijlstra, W.P.; Widjaja, D.; Wolf, N.; Luminet, O.; Ellrich, J.; Gidron, Y.";16;2;8;Effects of short and prolonged transcutaneous vagus nerve stimulation on heart rate variability in healthy subjects;10.1016/j.autneu.2016.11.003;Autonomic Neuroscience;within;healthy;single blind;30;30;30;adults;44;50;Belgium;right;cymba concha;pre stimulation baseline;Cerbomed;25;2100;250;1;individually;no;ECG (glued);HF-HRV;1024;resting baseline;NA;NA;d;0.041;0.354;445.3;415.4;29.900000000000034;456.1;523.1;NA;NA;NA;NA;NA;NA;NA;NA;NA;NA;null;no;NA;x;x; ;x;x; ;RMSSD, HF-HRV, LF/HF Ratio, SDNN
0.16743919174073582;0.06690029902442325;De Couck, 2017;2017;"De Couck, M.; Cserjesi, R.; Caers, R.; Zijlstra, W.P.; Widjaja, D.; Wolf, N.; Luminet, O.; Ellrich, J.; Gidron, Y.";16;2;9;Effects of short and prolonged transcutaneous vagus nerve stimulation on heart rate variability in healthy subjects;10.1016/j.autneu.2016.11.003;Autonomic Neuroscience;within;healthy;single blind;30;30;30;adults;44;50;Belgium;right;cymba concha;pre stimulation baseline;Cerbomed;25;3600;250;1;individually;no;ECG (glued);HF-HRV;1024;resting baseline;NA;NA;d;0.001;0.884;516;415.4;100.60000000000002;655.5;523.1;NA;NA;NA;NA;NA;NA;NA;NA;NA;NA;null;no;NA;x;x; ;x;x; ;RMSSD, HF-HRV, LF/HF Ratio, SDNN
-0.08113119459388263;0.06672151892280193;De Couck, 2017;2017;"De Couck, M.; Cserjesi, R.; Caers, R.; Zijlstra, W.P.; Widjaja, D.; Wolf, N.; Luminet, O.; Ellrich, J.; Gidron, Y.";16;2;10;Effects of short and prolonged transcutaneous vagus nerve stimulation on heart rate variability in healthy subjects;10.1016/j.autneu.2016.11.003;Autonomic Neuroscience;within;healthy;single blind;30;30;30;adults;44;50;Belgium;right;cymba concha;pre stimulation baseline;Cerbomed;25;300;250;1;individually;no;ECG (glued);LF/HF Ratio;1024;resting baseline;NA;NA;d;0.169;0.051;2.7;2.5;0.20000000000000018;2.8;2;NA;NA;NA;NA;NA;NA;NA;NA;NA;NA;null;yes;NA;x;x; ;x;x; ;RMSSD, HF-HRV, LF/HF Ratio, SDNN
-0.4225227552466259;0.06815437898917667;De Couck, 2017;2017;"De Couck, M.; Cserjesi, R.; Caers, R.; Zijlstra, W.P.; Widjaja, D.; Wolf, N.; Luminet, O.; Ellrich, J.; Gidron, Y.";16;2;11;Effects of short and prolonged transcutaneous vagus nerve stimulation on heart rate variability in healthy subjects;10.1016/j.autneu.2016.11.003;Autonomic Neuroscience;within;healthy;single blind;30;30;30;adults;44;50;Belgium;right;cymba concha;pre stimulation baseline;Cerbomed;25;2100;250;1;individually;no;ECG (glued);LF/HF Ratio;1024;resting baseline;NA;NA;d;0.035;0.391;3.4;2.5;0.8999999999999999;2.2;2;NA;NA;NA;NA;NA;NA;NA;NA;NA;NA;null;yes;NA;x;x; ;x;x; ;RMSSD, HF-HRV, LF/HF Ratio, SDNN
-0.398245663805665;0.06798833007283346;De Couck, 2017;2017;"De Couck, M.; Cserjesi, R.; Caers, R.; Zijlstra, W.P.; Widjaja, D.; Wolf, N.; Luminet, O.; Ellrich, J.; Gidron, Y.";16;2;12;Effects of short and prolonged transcutaneous vagus nerve stimulation on heart rate variability in healthy subjects;10.1016/j.autneu.2016.11.003;Autonomic Neuroscience;within;healthy;single blind;30;30;30;adults;44;50;Belgium;right;cymba concha;pre stimulation baseline;Cerbomed;25;3600;250;1;individually;no;ECG (glued);LF/HF Ratio;1024;resting baseline;NA;NA;d;0.001;0.863;3.7;2.5;1.2000000000000002;3.7;2;NA;NA;NA;NA;NA;NA;NA;NA;NA;NA;null;yes;NA;x;x; ;x;x; ;RMSSD, HF-HRV, LF/HF Ratio, SDNN
-0.12218059705944351;0.11131844580969169;Frokjaer, 2016;2016;"Frokjaer, J. B.; Bergmann, S.; Brock, C.; Madzak, A.; Farmer, A. D.; Ellrich, J.; Drewes, A. M.";19;1;1;Modulation of vagal tone enhances gastroduodenal motility and reduces somatic pain sensitivity;10.1111/nmo.12760;Neurogastroenterol. Motil.;within;healthy;single blind;18;18;18;adults;51.6;44.44;Denmark;left;cymba concha;sham;Cerbomed;30;600;250;1.17;individually;no;ECG (glued);CVT;NA;resting baseline;NA;NA;NA;NA;NA;6.6;7.1;-0.5;4.1;3.9;NA;NA;NA;NA;NA;NA;NA;NA;NA;NA;negative;no;"CVT calculated with ""phase shift demodulation"""; ; ; ; ; ;x;CVT
0.4746975379147823;0.11424080211808828;Frokjaer, 2016;2016;"Frokjaer, J. B.; Bergmann, S.; Brock, C.; Madzak, A.; Farmer, A. D.; Ellrich, J.; Drewes, A. M.";19;1;2;Modulation of vagal tone enhances gastroduodenal motility and reduces somatic pain sensitivity;10.1111/nmo.12760;Neurogastroenterol. Motil.;within;healthy;single blind;18;18;18;adults;51.6;44.44;Denmark;left;cymba concha;sham;Cerbomed;30;1200;250;1.33;individually;no;ECG (glued);CVT;NA;resting baseline;NA;NA;NA;NA;NA;9.1;7.1;2;3.7;4.5;NA;NA;NA;NA;NA;NA;NA;NA;NA;NA;positive;no;"CVT calculated with ""phase shift demodulation"""; ; ; ; ; ;x;CVT
-0.5549695619542734;0.11538876687077386;Frokjaer, 2016;2016;"Frokjaer, J. B.; Bergmann, S.; Brock, C.; Madzak, A.; Farmer, A. D.; Ellrich, J.; Drewes, A. M.";19;1;3;Modulation of vagal tone enhances gastroduodenal motility and reduces somatic pain sensitivity;10.1111/nmo.12760;Neurogastroenterol. Motil.;within;healthy;single blind;18;18;18;adults;51.6;44.44;Denmark;left;cymba concha;sham;Cerbomed;30;1500;250;1.46;individually;no;ECG (glued);CVT;NA;resting baseline;NA;NA;NA;NA;NA;5.4;7.7;-2.3;2.8;5;NA;NA;NA;NA;NA;NA;NA;NA;NA;NA;negative;no;"CVT calculated with ""phase shift demodulation"""; ; ; ; ; ;x;CVT
-0.12381435010377076;0.11132402768460581;Frokjaer, 2016;2016;"Frokjaer, J. B.; Bergmann, S.; Brock, C.; Madzak, A.; Farmer, A. D.; Ellrich, J.; Drewes, A. M.";19;1;4;Modulation of vagal tone enhances gastroduodenal motility and reduces somatic pain sensitivity;10.1111/nmo.12760;Neurogastroenterol. Motil.;within;healthy;single blind;18;18;18;adults;51.6;44.44;Denmark;left;cymba concha;pre stimulation baseline;Cerbomed;30;600;250;1.17;individually;no;ECG (glued);CVT;NA;resting baseline;NA;NA;NA;NA;NA;6.6;7.2;-0.6000000000000005;4.1;5.3;NA;NA;NA;NA;NA;NA;NA;NA;NA;NA;negative;no;"CVT calculated with ""phase shift demodulation"""; ; ; ; ; ;x;CVT
0.4064548271058714;0.11340563231218977;Frokjaer, 2016;2016;"Frokjaer, J. B.; Bergmann, S.; Brock, C.; Madzak, A.; Farmer, A. D.; Ellrich, J.; Drewes, A. M.";19;1;5;Modulation of vagal tone enhances gastroduodenal motility and reduces somatic pain sensitivity;10.1111/nmo.12760;Neurogastroenterol. Motil.;within;healthy;single blind;18;18;18;adults;51.6;44.44;Denmark;left;cymba concha;pre stimulation baseline;Cerbomed;30;1200;250;1.33;individually;no;ECG (glued);CVT;NA;resting baseline;NA;NA;NA;NA;NA;9.1;7.2;1.8999999999999995;3.7;5.3;NA;NA;NA;NA;NA;NA;NA;NA;NA;NA;positive;no;"CVT calculated with ""phase shift demodulation"""; ; ; ; ; ;x;CVT
-0.4152281601351211;0.11350575590234996;Frokjaer, 2016;2016;"Frokjaer, J. B.; Bergmann, S.; Brock, C.; Madzak, A.; Farmer, A. D.; Ellrich, J.; Drewes, A. M.";19;1;6;Modulation of vagal tone enhances gastroduodenal motility and reduces somatic pain sensitivity;10.1111/nmo.12760;Neurogastroenterol. Motil.;within;healthy;single blind;18;18;18;adults;51.6;44.44;Denmark;left;cymba concha;pre stimulation baseline;Cerbomed;30;1500;250;1.46;individually;no;ECG (glued);CVT;NA;resting baseline;NA;NA;NA;NA;NA;5.4;7.2;-1.7999999999999998;2.8;5.3;NA;NA;NA;NA;NA;NA;NA;NA;NA;NA;negative;no;"CVT calculated with ""phase shift demodulation"""; ; ; ; ; ;x;CVT
-0.4353481957599179;0.2924831446982648;Gancheva, 2018;2018;"Gancheva, Sofiya; Bierwagen, Alessandra; Markgraf, Daniel F.; Boenhof, Gidon J.; Murphy, Kevin G.; Hatziagelaki, Erifili; Lundbom, Jesper; Ziegler, Dan; Roden, Michael";21;1;1;Constant hepatic ATP concentrations during prolonged fasting and absence of effects of Cerbomed Nemos¬Æ on parasympathetic tone and hepatic energy metabolism;10.1016/j.molmet.2017.10.002;Mol Metab;within;healthy;single blind;7;7;7;adults;51.1;22.22;Germany;left;cymba concha;sham;Cerbomed;25;840;250;1.1;individually;no;ECG (glued);LF/HF Ratio;200;resting baseline;NA;NA;NA;NA;NA;3.15714286;2.21428571;0.94285715;2.37546988;1.60460646;NA;NA;NA;NA;NA;NA;NA;NA;NA;NA;negative;yes;NA; ;x; ;x; ; ;HF-HRV, LF/HF Ratio
0.2134412447144361;0.2873413273194731;Gancheva, 2018;2018;"Gancheva, Sofiya; Bierwagen, Alessandra; Markgraf, Daniel F.; Boenhof, Gidon J.; Murphy, Kevin G.; Hatziagelaki, Erifili; Lundbom, Jesper; Ziegler, Dan; Roden, Michael";21;1;2;Constant hepatic ATP concentrations during prolonged fasting and absence of effects of Cerbomed Nemos¬Æ on parasympathetic tone and hepatic energy metabolism;10.1016/j.molmet.2017.10.002;Mol Metab;within;healthy;single blind;7;7;7;adults;51.1;22.22;Germany;left;cymba concha;pre stimulation baseline;Cerbomed;25;840;250;1.1;individually;no;ECG (glued);LF/HF Ratio;200;resting baseline;NA;NA;NA;NA;NA;3.15714286;3.78571429;-0.62857143;2.37546988;3.09053856;NA;NA;NA;NA;NA;NA;NA;NA;NA;NA;positive;yes;NA; ;x; ;x; ; ;HF-HRV, LF/HF Ratio
-0.14712815075253788;0.3342352788643275;Gancheva, 2018;2018;"Gancheva, Sofiya; Bierwagen, Alessandra; Markgraf, Daniel F.; Boenhof, Gidon J.; Murphy, Kevin G.; Hatziagelaki, Erifili; Lundbom, Jesper; Ziegler, Dan; Roden, Michael";21;1;3;Constant hepatic ATP concentrations during prolonged fasting and absence of effects of Cerbomed Nemos¬Æ on parasympathetic tone and hepatic energy metabolism;10.1016/j.molmet.2017.10.002;Mol Metab;within;healthy;single blind;6;6;6;adults;51.1;22.22;Germany;left;cymba concha;sham;Cerbomed;25;840;250;1.1;individually;no;ECG (glued);HF-HRV;200;resting baseline;NA;NA;NA;NA;NA;376.316667;426.283333;-49.96666600000003;368.064725;246.856561;NA;NA;NA;NA;NA;NA;NA;NA;NA;NA;negative;no;NA; ;x; ;x; ; ;HF-HRV, LF/HF Ratio
-0.08782764807495273;0.33365473732359907;Gancheva, 2018;2018;"Gancheva, Sofiya; Bierwagen, Alessandra; Markgraf, Daniel F.; Boenhof, Gidon J.; Murphy, Kevin G.; Hatziagelaki, Erifili; Lundbom, Jesper; Ziegler, Dan; Roden, Michael";21;1;4;Constant hepatic ATP concentrations during prolonged fasting and absence of effects of Cerbomed Nemos¬Æ on parasympathetic tone and hepatic energy metabolism;10.1016/j.molmet.2017.10.002;Mol Metab;within;healthy;single blind;6;6;6;adults;51.1;22.22;Germany;left;cymba concha;pre stimulation baseline;Cerbomed;25;840;250;1.1;individually;no;ECG (glued);HF-HRV;200;resting baseline;NA;NA;NA;NA;NA;376.316667;414.316667;-38;368.064725;428.15176;NA;NA;NA;NA;NA;NA;NA;NA;NA;NA;positive;no;NA; ;x; ;x; ; ;HF-HRV, LF/HF Ratio
-0.07432076181903195;0.16678174115911168;Sclocco, 2017;2017;"Sclocco, Roberta; Garcia, Ronald G.; Gabriel, Aileen; Kettner, Norman W.; Napadow, Vitaly; Barbieri, Riccardo";30;1;1;Respiratory-gated Auricular Vagal Afferent Nerve Stimulation (RAVANS) effects on autonomic outflow in hypertension;10.1109/EMBC.2017.8037520;Conf Proc IEEE Eng Med Biol Soc;within;Hypertension patients;single blind;12;12;12;adults;53.2;41.67;US;left;cymba concha;sham;other;25;120;1000;0.1;individually;yes;ECG (glued);HF-HRV;400;resting baseline;NA;NA;NA;NA;NA;875.7;995.3;-119.6;1565.1;1542.1;NA;NA;NA;NA;NA;NA;NA;NA;NA;NA;null;no;NA; ;x; ; ; ; ;HF-HRV
0.3194598545883066;0.1687928041394496;Sclocco, 2017;2017;"Sclocco, Roberta; Garcia, Ronald G.; Gabriel, Aileen; Kettner, Norman W.; Napadow, Vitaly; Barbieri, Riccardo";30;1;2;Respiratory-gated Auricular Vagal Afferent Nerve Stimulation (RAVANS) effects on autonomic outflow in hypertension;10.1109/EMBC.2017.8037520;Conf Proc IEEE Eng Med Biol Soc;within;Hypertension patients;single blind;12;12;12;adults;53.2;41.67;US;left;cymba concha;sham;other;25;120;1000;0.26;individually;yes;ECG (glued);HF-HRV;400;resting baseline;NA;NA;NA;NA;NA;1611.5;995.3;616.2;2134.9;1542.1;NA;NA;NA;NA;NA;NA;NA;NA;NA;NA;null;no;NA; ;x; ; ; ; ;HF-HRV
0.15234716735845957;0.06686008049501789;Sclocco, 2020;2020;"Sclocco, Roberta; Garcia, Ronald G.; Kettner, Norman W.; Fisher, Harrison P.; Isenburg, Kylie; Makarovsky, Maya; Stowell, Jessica A.; Goldstein, Jill; Barbieri, Riccardo; Napadow, Vitaly";31;1;1;Stimulus frequency modulates brainstem response to respiratory-gated transcutaneous auricular vagus nerve stimulation;10.1016/j.brs.2020.03.011;Brain Stimulation;within;healthy;single blind;30;30;30;adults;29;56.67;US;left;cymba concha;sham;other;2;2040;300;7.18;individually;yes;Photoplethysmography;HF-HRV;NA;resting baseline;NA;NA;NA;NA;NA;1417.38;1214.7;202.68000000000006;1484.51;1115.64;NA;NA;NA;NA;NA;NA;NA;NA;NA;NA;null;no;No stimulation sham; ;x; ; ; ; ;HF-HRV
-0.07298871484202059;0.06671106127078574;Sclocco, 2020;2020;"Sclocco, Roberta; Garcia, Ronald G.; Kettner, Norman W.; Fisher, Harrison P.; Isenburg, Kylie; Makarovsky, Maya; Stowell, Jessica A.; Goldstein, Jill; Barbieri, Riccardo; Napadow, Vitaly";31;1;2;Stimulus frequency modulates brainstem response to respiratory-gated transcutaneous auricular vagus nerve stimulation;10.1016/j.brs.2020.03.011;Brain Stimulation;within;healthy;single blind;30;30;30;adults;29;56.67;US;left;cymba concha;sham;other;10;2040;300;6.46;individually;yes;Photoplethysmography;HF-HRV;NA;resting baseline;NA;NA;NA;NA;NA;1124.99;1214.7;-89.71000000000004;1303.33;1115.64;NA;NA;NA;NA;NA;NA;NA;NA;NA;NA;null;no;No stimulation sham; ;x; ; ; ; ;HF-HRV
0.05515000952466047;0.06669201269625476;Sclocco, 2020;2020;"Sclocco, Roberta; Garcia, Ronald G.; Kettner, Norman W.; Fisher, Harrison P.; Isenburg, Kylie; Makarovsky, Maya; Stowell, Jessica A.; Goldstein, Jill; Barbieri, Riccardo; Napadow, Vitaly";31;1;3;Stimulus frequency modulates brainstem response to respiratory-gated transcutaneous auricular vagus nerve stimulation;10.1016/j.brs.2020.03.011;Brain Stimulation;within;healthy;single blind;30;30;30;adults;29;56.67;US;left;cymba concha;sham;other;25;2040;300;5.93;individually;yes;Photoplethysmography;HF-HRV;NA;resting baseline;NA;NA;NA;NA;NA;1291.94;1214.7;77.24000000000001;1605.33;1115.64;NA;NA;NA;NA;NA;NA;NA;NA;NA;NA;null;no;No stimulation sham; ;x; ; ; ; ;HF-HRV
0.11456427832750753;0.06677604144890585;Sclocco, 2020;2020;"Sclocco, Roberta; Garcia, Ronald G.; Kettner, Norman W.; Fisher, Harrison P.; Isenburg, Kylie; Makarovsky, Maya; Stowell, Jessica A.; Goldstein, Jill; Barbieri, Riccardo; Napadow, Vitaly";31;1;4;Stimulus frequency modulates brainstem response to respiratory-gated transcutaneous auricular vagus nerve stimulation;10.1016/j.brs.2020.03.011;Brain Stimulation;within;healthy;single blind;30;30;30;adults;29;56.67;US;left;cymba concha;sham;other;100;2040;300;5.57;individually;yes;Photoplethysmography;HF-HRV;NA;resting baseline;NA;NA;NA;NA;NA;1358.96;1214.7;144.26;1358.18;1115.64;NA;NA;NA;NA;NA;NA;NA;NA;NA;NA;null;no;No stimulation sham; ;x; ; ; ; ;HF-HRV
-0.14453178261284905;0.15424787377279323;Tobaldini, 2019;2019;"Tobaldini, Eleonora; Toschi-Dias, Edgar; Appratto de Souza, Liliane; Rabello Casali, Karina; Vicenzi, Marco; Sandrone, Giulia; Cogliati, Chiara; La Rovere, Maria Teresa; Pinna, Gian Domenico; Montano, Nicola";39;1;1;Cardiac and Peripheral Autonomic Responses to Orthostatic Stress During Transcutaneous Vagus Nerve Stimulation in Healthy Subjects;10.3390/jcm8040496;J Clin Med;within;healthy;transparent;13;13;13;adults;27;61.54;Netherlands;left;cymba concha;pre stimulation baseline;Cerbomed;25;600;200;3.5;individually;no;ECG (glued);HF-HRV;1000;resting baseline;NA;NA;NA;NA;0.45;50;54.333333333333336;-4.333333333333336;28.192371475953568;29.850746268656717;NA;NA;NA;NA;46;57;35;69;35;71;null;no;NA; ;x; ;x; ; ;HF-HRV, LF/HF Ratio
-0.12947354128067678;0.15416852688253382;Tobaldini, 2019;2019;"Tobaldini, Eleonora; Toschi-Dias, Edgar; Appratto de Souza, Liliane; Rabello Casali, Karina; Vicenzi, Marco; Sandrone, Giulia; Cogliati, Chiara; La Rovere, Maria Teresa; Pinna, Gian Domenico; Montano, Nicola";39;1;2;Cardiac and Peripheral Autonomic Responses to Orthostatic Stress During Transcutaneous Vagus Nerve Stimulation in Healthy Subjects;10.3390/jcm8040496;J Clin Med;within;healthy;transparent;13;13;13;adults;27;61.54;Netherlands;left;cymba concha;pre stimulation baseline;Cerbomed;25;600;200;3.5;individually;no;ECG (glued);LF/HF Ratio;1000;resting baseline;NA;NA;NA;NA;0.5;1.1333333333333335;0.9666666666666667;0.16666666666666685;1.1608623548922057;1.3266998341625207;NA;NA;NA;NA;1.2;0.7;0.4;1.8;0.3;1.9;null;yes;NA; ;x; ;x; ; ;HF-HRV, LF/HF Ratio
-0.04325364709399803;0.15388213226897948;Tobaldini, 2019;2019;"Tobaldini, Eleonora; Toschi-Dias, Edgar; Appratto de Souza, Liliane; Rabello Casali, Karina; Vicenzi, Marco; Sandrone, Giulia; Cogliati, Chiara; La Rovere, Maria Teresa; Pinna, Gian Domenico; Montano, Nicola";39;1;1;Cardiac and Peripheral Autonomic Responses to Orthostatic Stress During Transcutaneous Vagus Nerve Stimulation in Healthy Subjects;10.3390/jcm8040496;J Clin Med;within;healthy;transparent;13;13;13;adults;27;61.54;Netherlands;left;cymba concha;pre stimulation baseline;Cerbomed;25;900;200;3.5;individually;no;ECG (glued);HF-HRV;1000;resting baseline;NA;NA;NA;NA;NA;-71.33333333333333;-70.33333333333333;-1;22.388059701492537;22.388059701492537;NA;NA;NA;NA;-67;-70;-87;-60;-84;-57;negative;no;NA; ;x; ;x; ; ;HF-HRV, LF/HF Ratio
-0.20418948256861724;0.15464794893830078;Tobaldini, 2019;2019;"Tobaldini, Eleonora; Toschi-Dias, Edgar; Appratto de Souza, Liliane; Rabello Casali, Karina; Vicenzi, Marco; Sandrone, Giulia; Cogliati, Chiara; La Rovere, Maria Teresa; Pinna, Gian Domenico; Montano, Nicola";39;1;2;Cardiac and Peripheral Autonomic Responses to Orthostatic Stress During Transcutaneous Vagus Nerve Stimulation in Healthy Subjects;10.3390/jcm8040496;J Clin Med;within;healthy;transparent;13;13;13;adults;27;61.54;Netherlands;left;cymba concha;pre stimulation baseline;Cerbomed;25;900;200;3.5;individually;no;ECG (glued);LF/HF Ratio;1000;resting baseline;NA;NA;NA;NA;NA;815.3333333333334;637.3333333333334;178;997.5124378109454;655.8872305140962;NA;NA;NA;NA;737;669;253;1456;226;1017;negative;yes;NA; ;x; ;x; ; ;HF-HRV, LF/HF Ratio
-0.06069998714962959;0.04349828526326068;Villani, 2019;2019;"Villani, V.; Tsakiris, M.; Azevedo, R.T.";41;1;1;Transcutaneous vagus nerve stimulation improves interoceptive accuracy;10.1016/j.neuropsychologia.2019.107201;Neuropsychologia;within;healthy;single blind;46;46;46;adults;21.2;69.57;UK;left;tragus;sham;TENS;25;2220;250;1.81;individually;no;ECG (glued);HF-HRV;1000;resting baseline;W;528;NA;NA;0.9;1.16;1.19;-0.03;0.5;0.48;NA;NA;NA;NA;NA;NA;NA;NA;NA;NA;null;no;NA; ;x; ;x; ; ;HF-HRV, LF/HF Ratio
-0.017571107169992498;0.04347993882503902;Villani, 2019;2019;"Villani, V.; Tsakiris, M.; Azevedo, R.T.";41;1;2;Transcutaneous vagus nerve stimulation improves interoceptive accuracy;10.1016/j.neuropsychologia.2019.107201;Neuropsychologia;within;healthy;single blind;46;46;46;adults;21.2;69.57;UK;left;tragus;sham;TENS;25;2220;250;1.81;individually;no;ECG (glued);LF/HF Ratio;1000;resting baseline;W;556;NA;NA;0.87;0.95;0.94;0.01;0.63;0.49;NA;NA;NA;NA;NA;NA;NA;NA;NA;NA;null;yes;NA; ;x; ;x; ; ;HF-HRV, LF/HF Ratio
-0.07731221917464494;0.06254669671276335;Borges, 2020;2020;"Borges, Uirassu; Knops, Laura; Laborde, Sylvain; Klatt, Stefanie; Raab, Markus";44;1;1;Transcutaneous Vagus Nerve Stimulation May Enhance Only Specific Aspects of the Core Executive Functions. A Randomized Crossover Trial;10.3389/fnins.2020.00523;Front. Neurosci.;within;healthy;single blind;32;32;32;adults;23.17;28.13;Germany;left;cymba concha;sham;Cerbomed;25;650;250;2.19;individually;no;ECG (glued);RMSSD;500;resting baseline;NA;NA;NA;NA;NA;52.56;54.66;-2.0999999999999943;28.53;25.02;NA;NA;NA;NA;NA;NA;NA;NA;NA;NA;null;no;Stimulation duration was estimated;x;x; ; ; ; ;RMSSD, HF-HRV
0.006499828232536775;0.06250033006068009;Borges, 2020;2020;"Borges, Uirassu; Knops, Laura; Laborde, Sylvain; Klatt, Stefanie; Raab, Markus";44;1;2;Transcutaneous Vagus Nerve Stimulation May Enhance Only Specific Aspects of the Core Executive Functions. A Randomized Crossover Trial;10.3389/fnins.2020.00523;Front. Neurosci.;within;healthy;single blind;32;32;32;adults;23.17;28.13;Germany;left;cymba concha;sham;Cerbomed;25;650;250;2.19;individually;no;ECG (glued);RMSSD;500;resting baseline;F;0.25;NA;NA;0.621;55.44;55.26;0.17999999999999972;29.81;24.66;NA;NA;NA;NA;NA;NA;NA;NA;NA;NA;null;no;Stimulation duration was estimated;x;x; ; ; ; ;RMSSD, HF-HRV
-0.1654563902909371;0.06271387357100083;Borges, 2020;2020;"Borges, Uirassu; Knops, Laura; Laborde, Sylvain; Klatt, Stefanie; Raab, Markus";44;1;3;Transcutaneous Vagus Nerve Stimulation May Enhance Only Specific Aspects of the Core Executive Functions. A Randomized Crossover Trial;10.3389/fnins.2020.00523;Front. Neurosci.;within;healthy;single blind;32;32;32;adults;23.17;28.13;Germany;left;cymba concha;sham;Cerbomed;25;360;250;2.19;individually;no;ECG (glued);RMSSD;500;resting baseline;NA;NA;NA;NA;NA;54.47;58.85;-4.380000000000003;25.99;26.31;NA;NA;NA;NA;NA;NA;NA;NA;NA;NA;null;no;Stimulation duration was estimated;x;x; ; ; ; ;RMSSD, HF-HRV
0.2850535138107951;0.06313480863856157;Borges, 2020;2020;"Borges, Uirassu; Knops, Laura; Laborde, Sylvain; Klatt, Stefanie; Raab, Markus";44;1;4;Transcutaneous Vagus Nerve Stimulation May Enhance Only Specific Aspects of the Core Executive Functions. A Randomized Crossover Trial;10.3389/fnins.2020.00523;Front. Neurosci.;within;healthy;single blind;32;32;32;adults;23.17;28.13;Germany;left;cymba concha;sham;Cerbomed;25;360;250;2.19;individually;no;ECG (glued);RMSSD;500;resting baseline;F;9e-4;NA;NA;0.926;55.93;50.7;5.229999999999997;16.89;19.28;NA;NA;NA;NA;NA;NA;NA;NA;NA;NA;null;no;Stimulation duration was estimated;x;x; ; ; ; ;RMSSD, HF-HRV
-0.09078601555533593;0.06256439141109699;Borges, 2020;2020;"Borges, Uirassu; Knops, Laura; Laborde, Sylvain; Klatt, Stefanie; Raab, Markus";44;1;5;Transcutaneous Vagus Nerve Stimulation May Enhance Only Specific Aspects of the Core Executive Functions. A Randomized Crossover Trial;10.3389/fnins.2020.00523;Front. Neurosci.;within;healthy;single blind;32;32;32;adults;23.17;28.13;Germany;left;cymba concha;sham;Cerbomed;25;720;250;2.19;individually;no;ECG (glued);RMSSD;500;resting baseline;NA;NA;NA;NA;NA;49.91;51.82;-1.9100000000000037;21.12;20.44;NA;NA;NA;NA;NA;NA;NA;NA;NA;NA;null;no;Stimulation duration was estimated;x;x; ; ; ; ;RMSSD, HF-HRV
0.06611827854918252;0.06253415333404927;Borges, 2020;2020;"Borges, Uirassu; Knops, Laura; Laborde, Sylvain; Klatt, Stefanie; Raab, Markus";44;1;6;Transcutaneous Vagus Nerve Stimulation May Enhance Only Specific Aspects of the Core Executive Functions. A Randomized Crossover Trial;10.3389/fnins.2020.00523;Front. Neurosci.;within;healthy;single blind;32;32;32;adults;23.17;28.13;Germany;left;cymba concha;sham;Cerbomed;25;720;250;2.19;individually;no;ECG (glued);RMSSD;500;resting baseline;F;0;NA;NA;0.991;50.28;48.78;1.5;25.77;18.45;NA;NA;NA;NA;NA;NA;NA;NA;NA;NA;null;no;Stimulation duration was estimated;x;x; ; ; ; ;RMSSD, HF-HRV
-0.09757049191964423;0.06257437500698002;Borges, 2020;2020;"Borges, Uirassu; Knops, Laura; Laborde, Sylvain; Klatt, Stefanie; Raab, Markus";44;1;7;Transcutaneous Vagus Nerve Stimulation May Enhance Only Specific Aspects of the Core Executive Functions. A Randomized Crossover Trial;10.3389/fnins.2020.00523;Front. Neurosci.;within;healthy;single blind;32;32;32;adults;23.17;28.13;Germany;left;cymba concha;sham;Cerbomed;25;350;250;2.19;individually;no;ECG (glued);RMSSD;500;resting baseline;NA;NA;NA;NA;NA;54.9;57.4;-2.5;25.86;24.75;NA;NA;NA;NA;NA;NA;NA;NA;NA;NA;null;no;Stimulation duration was estimated;x;x; ; ; ; ;RMSSD, HF-HRV
0.0392846261194517;0.06251205688944801;Borges, 2020;2020;"Borges, Uirassu; Knops, Laura; Laborde, Sylvain; Klatt, Stefanie; Raab, Markus";44;1;8;Transcutaneous Vagus Nerve Stimulation May Enhance Only Specific Aspects of the Core Executive Functions. A Randomized Crossover Trial;10.3389/fnins.2020.00523;Front. Neurosci.;within;healthy;single blind;32;32;32;adults;23.17;28.13;Germany;left;cymba concha;sham;Cerbomed;25;350;250;2.19;individually;no;ECG (glued);RMSSD;500;resting baseline;F;0.024;NA;NA;0.877;56.36;55.41;0.9500000000000028;24.52;23.24;NA;NA;NA;NA;NA;NA;NA;NA;NA;NA;null;no;Stimulation duration was estimated;x;x; ; ; ; ;RMSSD, HF-HRV
-0.33679084296181416;0.06338615681174163;Borges, 2020;2020;"Borges, Uirassu; Knops, Laura; Laborde, Sylvain; Klatt, Stefanie; Raab, Markus";44;1;9;Transcutaneous Vagus Nerve Stimulation May Enhance Only Specific Aspects of the Core Executive Functions. A Randomized Crossover Trial;10.3389/fnins.2020.00523;Front. Neurosci.;within;healthy;single blind;32;32;32;adults;23.17;28.13;Germany;left;cymba concha;sham;Cerbomed;25;650;250;2.19;individually;no;ECG (glued);HF-HRV;500;resting baseline;NA;NA;NA;NA;NA;15.27;19.59;-4.32;11.26;13.94;NA;NA;NA;NA;NA;NA;NA;NA;NA;NA;null;no;Stimulation duration was estimated;x;x; ; ; ; ;RMSSD, HF-HRV
-0.15991046561236064;0.06269977622665908;Borges, 2020;2020;"Borges, Uirassu; Knops, Laura; Laborde, Sylvain; Klatt, Stefanie; Raab, Markus";44;1;10;Transcutaneous Vagus Nerve Stimulation May Enhance Only Specific Aspects of the Core Executive Functions. A Randomized Crossover Trial;10.3389/fnins.2020.00523;Front. Neurosci.;within;healthy;single blind;32;32;32;adults;23.17;28.13;Germany;left;cymba concha;sham;Cerbomed;25;650;250;2.19;individually;no;ECG (glued);HF-HRV;500;resting baseline;F;1.669;NA;NA;0.211;14.44;16.16;-1.7200000000000006;9.6;11.56;NA;NA;NA;NA;NA;NA;NA;NA;NA;NA;null;no;Stimulation duration was estimated;x;x; ; ; ; ;RMSSD, HF-HRV
0.10544639155421223;0.06258686673040471;Borges, 2020;2020;"Borges, Uirassu; Knops, Laura; Laborde, Sylvain; Klatt, Stefanie; Raab, Markus";44;1;11;Transcutaneous Vagus Nerve Stimulation May Enhance Only Specific Aspects of the Core Executive Functions. A Randomized Crossover Trial;10.3389/fnins.2020.00523;Front. Neurosci.;within;healthy;single blind;32;32;32;adults;23.17;28.13;Germany;left;cymba concha;sham;Cerbomed;25;360;250;2.19;individually;no;ECG (glued);HF-HRV;500;resting baseline;NA;NA;NA;NA;NA;18.74;17.31;1.4299999999999997;13.19;13.6;NA;NA;NA;NA;NA;NA;NA;NA;NA;NA;null;no;Stimulation duration was estimated;x;x; ; ; ; ;RMSSD, HF-HRV
-0.15450533728924415;0.06268649921289737;Borges, 2020;2020;"Borges, Uirassu; Knops, Laura; Laborde, Sylvain; Klatt, Stefanie; Raab, Markus";44;1;12;Transcutaneous Vagus Nerve Stimulation May Enhance Only Specific Aspects of the Core Executive Functions. A Randomized Crossover Trial;10.3389/fnins.2020.00523;Front. Neurosci.;within;healthy;single blind;32;32;32;adults;23.17;28.13;Germany;left;cymba concha;sham;Cerbomed;25;360;250;2.19;individually;no;ECG (glued);HF-HRV;500;resting baseline;F;0.012;NA;NA;0.915;15.65;17.45;-1.799999999999999;8.45;13.91;NA;NA;NA;NA;NA;NA;NA;NA;NA;NA;null;no;Stimulation duration was estimated;x;x; ; ; ; ;RMSSD, HF-HRV
-0.024212109563109645;0.06250457989257419;Borges, 2020;2020;"Borges, Uirassu; Knops, Laura; Laborde, Sylvain; Klatt, Stefanie; Raab, Markus";44;1;13;Transcutaneous Vagus Nerve Stimulation May Enhance Only Specific Aspects of the Core Executive Functions. A Randomized Crossover Trial;10.3389/fnins.2020.00523;Front. Neurosci.;within;healthy;single blind;32;32;32;adults;23.17;28.13;Germany;left;cymba concha;sham;Cerbomed;25;720;250;2.19;individually;no;ECG (glued);HF-HRV;500;resting baseline;NA;NA;NA;NA;NA;18.51;18.85;-0.33999999999999986;12.56;15.07;NA;NA;NA;NA;NA;NA;NA;NA;NA;NA;null;no;Stimulation duration was estimated;x;x; ; ; ; ;RMSSD, HF-HRV
0.021211314270503583;0.0625035149988522;Borges, 2020;2020;"Borges, Uirassu; Knops, Laura; Laborde, Sylvain; Klatt, Stefanie; Raab, Markus";44;1;14;Transcutaneous Vagus Nerve Stimulation May Enhance Only Specific Aspects of the Core Executive Functions. A Randomized Crossover Trial;10.3389/fnins.2020.00523;Front. Neurosci.;within;healthy;single blind;32;32;32;adults;23.17;28.13;Germany;left;cymba concha;sham;Cerbomed;25;720;250;2.19;individually;no;ECG (glued);HF-HRV;500;resting baseline;F;0.324;NA;NA;0.575;17.78;17.547;0.23300000000000054;12.13;9.4;NA;NA;NA;NA;NA;NA;NA;NA;NA;NA;null;no;Stimulation duration was estimated;x;x; ; ; ; ;RMSSD, HF-HRV
-0.1561436311072734;0.06269047526199503;Borges, 2020;2020;"Borges, Uirassu; Knops, Laura; Laborde, Sylvain; Klatt, Stefanie; Raab, Markus";44;1;15;Transcutaneous Vagus Nerve Stimulation May Enhance Only Specific Aspects of the Core Executive Functions. A Randomized Crossover Trial;10.3389/fnins.2020.00523;Front. Neurosci.;within;healthy;single blind;32;32;32;adults;23.17;28.13;Germany;left;cymba concha;sham;Cerbomed;25;350;250;2.19;individually;no;ECG (glued);HF-HRV;500;resting baseline;NA;NA;NA;NA;NA;17.56;19.59;-2.030000000000001;12.57;13.11;NA;NA;NA;NA;NA;NA;NA;NA;NA;NA;null;no;Stimulation duration was estimated;x;x; ; ; ; ;RMSSD, HF-HRV
0.184736392022858;0.06276662136357518;Borges, 2020;2020;"Borges, Uirassu; Knops, Laura; Laborde, Sylvain; Klatt, Stefanie; Raab, Markus";44;1;16;Transcutaneous Vagus Nerve Stimulation May Enhance Only Specific Aspects of the Core Executive Functions. A Randomized Crossover Trial;10.3389/fnins.2020.00523;Front. Neurosci.;within;healthy;single blind;32;32;32;adults;23.17;28.13;Germany;left;cymba concha;sham;Cerbomed;25;350;250;2.19;individually;no;ECG (glued);HF-HRV;500;resting baseline;F;0.217;NA;NA;0.646;19.83;17.55;2.2799999999999976;13.16;11.14;NA;NA;NA;NA;NA;NA;NA;NA;NA;NA;null;no;Stimulation duration was estimated;x;x; ; ; ; ;RMSSD, HF-HRV
0.15204736437680222;0.06268061250792134;Borges, 2020;2020;"Borges, Uirassu; Knops, Laura; Laborde, Sylvain; Klatt, Stefanie; Raab, Markus";44;1;17;Transcutaneous Vagus Nerve Stimulation May Enhance Only Specific Aspects of the Core Executive Functions. A Randomized Crossover Trial;10.3389/fnins.2020.00523;Front. Neurosci.;within;healthy;single blind;32;32;32;adults;23.17;28.13;Germany;left;cymba concha;pre stimulation baseline;Cerbomed;25;650;250;2.19;individually;no;ECG (glued);RMSSD;500;resting baseline;NA;NA;NA;NA;NA;52.56;48.43;4.130000000000003;28.53;25.02;NA;NA;NA;NA;NA;NA;NA;NA;NA;NA;null;no;Stimulation duration was estimated;x;x; ; ; ; ;RMSSD, HF-HRV
0.07695773801899039;0.06254626948000781;Borges, 2020;2020;"Borges, Uirassu; Knops, Laura; Laborde, Sylvain; Klatt, Stefanie; Raab, Markus";44;1;18;Transcutaneous Vagus Nerve Stimulation May Enhance Only Specific Aspects of the Core Executive Functions. A Randomized Crossover Trial;10.3389/fnins.2020.00523;Front. Neurosci.;within;healthy;single blind;32;32;32;adults;23.17;28.13;Germany;left;cymba concha;pre stimulation baseline;Cerbomed;25;360;250;2.19;individually;no;ECG (glued);RMSSD;500;resting baseline;NA;NA;NA;NA;NA;54.47;52.38;2.0899999999999963;25.99;27.64;NA;NA;NA;NA;NA;NA;NA;NA;NA;NA;null;no;Stimulation duration was estimated;x;x; ; ; ; ;RMSSD, HF-HRV
-0.08201026413836425;0.06255254440175034;Borges, 2020;2020;"Borges, Uirassu; Knops, Laura; Laborde, Sylvain; Klatt, Stefanie; Raab, Markus";44;1;19;Transcutaneous Vagus Nerve Stimulation May Enhance Only Specific Aspects of the Core Executive Functions. A Randomized Crossover Trial;10.3389/fnins.2020.00523;Front. Neurosci.;within;healthy;single blind;32;32;32;adults;23.17;28.13;Germany;left;cymba concha;pre stimulation baseline;Cerbomed;25;720;250;2.19;individually;no;ECG (glued);RMSSD;500;resting baseline;NA;NA;NA;NA;NA;49.91;51.82;-1.9100000000000037;21.12;24.75;NA;NA;NA;NA;NA;NA;NA;NA;NA;NA;negative;no;Stimulation duration was estimated;x;x; ; ; ; ;RMSSD, HF-HRV
0.02511831914876452;0.06250492914028796;Borges, 2020;2020;"Borges, Uirassu; Knops, Laura; Laborde, Sylvain; Klatt, Stefanie; Raab, Markus";44;1;20;Transcutaneous Vagus Nerve Stimulation May Enhance Only Specific Aspects of the Core Executive Functions. A Randomized Crossover Trial;10.3389/fnins.2020.00523;Front. Neurosci.;within;healthy;single blind;32;32;32;adults;23.17;28.13;Germany;left;cymba concha;pre stimulation baseline;Cerbomed;25;350;250;2.19;individually;no;ECG (glued);RMSSD;500;resting baseline;NA;NA;NA;NA;NA;54.9;54.26;0.6400000000000006;25.86;24.46;NA;NA;NA;NA;NA;NA;NA;NA;NA;NA;null;no;Stimulation duration was estimated;x;x; ; ; ; ;RMSSD, HF-HRV
0.1428479652271003;0.0626594182903869;Borges, 2020;2020;"Borges, Uirassu; Knops, Laura; Laborde, Sylvain; Klatt, Stefanie; Raab, Markus";44;1;21;Transcutaneous Vagus Nerve Stimulation May Enhance Only Specific Aspects of the Core Executive Functions. A Randomized Crossover Trial;10.3389/fnins.2020.00523;Front. Neurosci.;within;healthy;single blind;32;32;32;adults;23.17;28.13;Germany;left;cymba concha;pre stimulation baseline;Cerbomed;25;650;250;2.19;individually;no;ECG (glued);HF-HRV;500;resting baseline;NA;NA;NA;NA;NA;15.27;13.81;1.459999999999999;11.26;8.78;NA;NA;NA;NA;NA;NA;NA;NA;NA;NA;null;no;Stimulation duration was estimated;x;x; ; ; ; ;RMSSD, HF-HRV
0.4861055950045618;0.06434608319917764;Borges, 2020;2020;"Borges, Uirassu; Knops, Laura; Laborde, Sylvain; Klatt, Stefanie; Raab, Markus";44;1;22;Transcutaneous Vagus Nerve Stimulation May Enhance Only Specific Aspects of the Core Executive Functions. A Randomized Crossover Trial;10.3389/fnins.2020.00523;Front. Neurosci.;within;healthy;single blind;32;32;32;adults;23.17;28.13;Germany;left;cymba concha;pre stimulation baseline;Cerbomed;25;360;250;2.19;individually;no;ECG (glued);HF-HRV;500;resting baseline;NA;NA;NA;NA;NA;18.74;12.97;5.769999999999998;13.19;10.05;NA;NA;NA;NA;NA;NA;NA;NA;NA;NA;null;no;Stimulation duration was estimated;x;x; ; ; ; ;RMSSD, HF-HRV
0.03587480824623771;0.06251005470208362;Borges, 2020;2020;"Borges, Uirassu; Knops, Laura; Laborde, Sylvain; Klatt, Stefanie; Raab, Markus";44;1;23;Transcutaneous Vagus Nerve Stimulation May Enhance Only Specific Aspects of the Core Executive Functions. A Randomized Crossover Trial;10.3389/fnins.2020.00523;Front. Neurosci.;within;healthy;single blind;32;32;32;adults;23.17;28.13;Germany;left;cymba concha;pre stimulation baseline;Cerbomed;25;720;250;2.19;individually;no;ECG (glued);HF-HRV;500;resting baseline;NA;NA;NA;NA;NA;18.51;18.06;0.45000000000000284;12.56;12.22;NA;NA;NA;NA;NA;NA;NA;NA;NA;NA;null;no;Stimulation duration was estimated;x;x; ; ; ; ;RMSSD, HF-HRV
0.22776771794895387;0.0629052979167162;Borges, 2020;2020;"Borges, Uirassu; Knops, Laura; Laborde, Sylvain; Klatt, Stefanie; Raab, Markus";44;1;24;Transcutaneous Vagus Nerve Stimulation May Enhance Only Specific Aspects of the Core Executive Functions. A Randomized Crossover Trial;10.3389/fnins.2020.00523;Front. Neurosci.;within;healthy;single blind;32;32;32;adults;23.17;28.13;Germany;left;cymba concha;pre stimulation baseline;Cerbomed;25;350;250;2.19;individually;no;ECG (glued);HF-HRV;500;resting baseline;NA;NA;NA;NA;NA;17.56;14.93;2.629999999999999;12.57;10.11;NA;NA;NA;NA;NA;NA;NA;NA;NA;NA;null;no;Stimulation duration was estimated;x;x; ; ; ; ;RMSSD, HF-HRV
0.17674814552609344;0.03291491765142178;Borges, 2019;2019;"Borges, Uirassu; Laborde, Sylvain; Raab, Markus";45;1;1;Influence of transcutaneous vagus nerve stimulation on cardiac vagal activity: Not different from sham stimulation and no effect of stimulation intensity;10.1371/journal.pone.0223848;PLoS ONE;within;healthy;single blind;61;61;61;adults;23.32;26.23;Germany;left;cymba concha;pre stimulation baseline;Cerbomed;25;600;250;0.5;fixed;no;ECG (glued);RMSSD;500;resting baseline;NA;NA;NA;NA;NA;59.89;54.94;4.950000000000003;29.2;26.39;NA;NA;NA;NA;NA;NA;NA;NA;NA;NA;positive;no;NA;x; ; ; ; ; ;RMSSD
0.08335410656673285;0.03281536027492434;Borges, 2019;2019;"Borges, Uirassu; Laborde, Sylvain; Raab, Markus";45;1;2;Influence of transcutaneous vagus nerve stimulation on cardiac vagal activity: Not different from sham stimulation and no effect of stimulation intensity;10.1371/journal.pone.0223848;PLoS ONE;within;healthy;single blind;61;61;61;adults;23.32;26.23;Germany;left;cymba concha;pre stimulation baseline;Cerbomed;25;600;250;0.5;fixed;no;ECG (glued);RMSSD;500;resting baseline;NA;NA;NA;NA;NA;57.17;54.94;2.230000000000004;26.78;26.39;NA;NA;NA;NA;NA;NA;NA;NA;NA;NA;positive;no;NA;x; ; ; ; ; ;RMSSD
0.11292046373319188;0.03283914357020377;Borges, 2019;2019;"Borges, Uirassu; Laborde, Sylvain; Raab, Markus";45;1;3;Influence of transcutaneous vagus nerve stimulation on cardiac vagal activity: Not different from sham stimulation and no effect of stimulation intensity;10.1371/journal.pone.0223848;PLoS ONE;within;healthy;single blind;61;61;61;adults;23.32;26.23;Germany;left;cymba concha;pre stimulation baseline;Cerbomed;25;600;250;1;fixed;no;ECG (glued);RMSSD;500;resting baseline;NA;NA;NA;NA;NA;60.27;56.87;3.4000000000000057;30.17;29.67;NA;NA;NA;NA;NA;NA;NA;NA;NA;NA;positive;no;NA;x; ; ; ; ; ;RMSSD
0.04484685465994992;0.03279512803431513;Borges, 2019;2019;"Borges, Uirassu; Laborde, Sylvain; Raab, Markus";45;1;4;Influence of transcutaneous vagus nerve stimulation on cardiac vagal activity: Not different from sham stimulation and no effect of stimulation intensity;10.1371/journal.pone.0223848;PLoS ONE;within;healthy;single blind;61;61;61;adults;23.32;26.23;Germany;left;cymba concha;pre stimulation baseline;Cerbomed;25;600;250;1;fixed;no;ECG (glued);RMSSD;500;resting baseline;NA;NA;NA;NA;NA;58.2;56.87;1.3300000000000054;29.27;29.67;NA;NA;NA;NA;NA;NA;NA;NA;NA;NA;positive;no;NA;x; ; ; ; ; ;RMSSD
0.1496213106201264;0.03287863334668723;Borges, 2019;2019;"Borges, Uirassu; Laborde, Sylvain; Raab, Markus";45;1;5;Influence of transcutaneous vagus nerve stimulation on cardiac vagal activity: Not different from sham stimulation and no effect of stimulation intensity;10.1371/journal.pone.0223848;PLoS ONE;within;healthy;single blind;61;61;61;adults;23.32;26.23;Germany;left;cymba concha;pre stimulation baseline;Cerbomed;25;600;250;1.5;fixed;no;ECG (glued);RMSSD;500;resting baseline;NA;NA;NA;NA;NA;58.99;55.01;3.980000000000004;26.88;25.98;NA;NA;NA;NA;NA;NA;NA;NA;NA;NA;positive;no;NA;x; ; ; ; ; ;RMSSD
0.13989201641813603;0.0328670892469571;Borges, 2019;2019;"Borges, Uirassu; Laborde, Sylvain; Raab, Markus";45;1;6;Influence of transcutaneous vagus nerve stimulation on cardiac vagal activity: Not different from sham stimulation and no effect of stimulation intensity;10.1371/journal.pone.0223848;PLoS ONE;within;healthy;single blind;61;61;61;adults;23.32;26.23;Germany;left;cymba concha;pre stimulation baseline;Cerbomed;25;600;250;1.5;fixed;no;ECG (glued);RMSSD;500;resting baseline;NA;NA;NA;NA;NA;58.68;55.01;3.6700000000000017;26.16;25.98;NA;NA;NA;NA;NA;NA;NA;NA;NA;NA;positive;no;NA;x; ; ; ; ; ;RMSSD
0.15581279120949154;0.032355958168969724;Borges, 2019;2019;"Borges, Uirassu; Laborde, Sylvain; Raab, Markus";45;2;1;Influence of transcutaneous vagus nerve stimulation on cardiac vagal activity: Not different from sham stimulation and no effect of stimulation intensity;10.1371/journal.pone.0223848;PLoS ONE;within;healthy;single blind;62;62;62;adults;24.77;41.94;Germany;left;cymba concha;pre stimulation baseline;Cerbomed;25;600;250;1;fixed;no;ECG (glued);RMSSD;500;resting baseline;NA;NA;NA;NA;NA;45.79;43.02;2.769999999999996;18.55;16.74;NA;NA;NA;NA;NA;NA;NA;NA;NA;NA;positive;no;NA;x; ; ; ; ; ;RMSSD
0.2098075117122304;0.03243556125794709;Borges, 2019;2019;"Borges, Uirassu; Laborde, Sylvain; Raab, Markus";45;2;2;Influence of transcutaneous vagus nerve stimulation on cardiac vagal activity: Not different from sham stimulation and no effect of stimulation intensity;10.1371/journal.pone.0223848;PLoS ONE;within;healthy;single blind;62;62;62;adults;24.77;41.94;Germany;left;cymba concha;pre stimulation baseline;Cerbomed;25;600;250;1;fixed;no;ECG (glued);RMSSD;500;resting baseline;NA;NA;NA;NA;NA;46.73;43.02;3.7099999999999937;18.37;16.74;NA;NA;NA;NA;NA;NA;NA;NA;NA;NA;positive;no;NA;x; ; ; ; ; ;RMSSD
0.2320333910740102;0.03247515925231171;Borges, 2019;2019;"Borges, Uirassu; Laborde, Sylvain; Raab, Markus";45;2;3;Influence of transcutaneous vagus nerve stimulation on cardiac vagal activity: Not different from sham stimulation and no effect of stimulation intensity;10.1371/journal.pone.0223848;PLoS ONE;within;healthy;single blind;62;62;62;adults;24.77;41.94;Germany;left;cymba concha;pre stimulation baseline;Cerbomed;25;600;250;1.78;individually;no;ECG (glued);RMSSD;500;resting baseline;NA;NA;NA;NA;NA;48.54;43.85;4.689999999999998;22.41;17.46;NA;NA;NA;NA;NA;NA;NA;NA;NA;NA;positive;no;NA;x; ; ; ; ; ;RMSSD
0.2429243726883435;0.03249601714050816;Borges, 2019;2019;"Borges, Uirassu; Laborde, Sylvain; Raab, Markus";45;2;4;Influence of transcutaneous vagus nerve stimulation on cardiac vagal activity: Not different from sham stimulation and no effect of stimulation intensity;10.1371/journal.pone.0223848;PLoS ONE;within;healthy;single blind;62;62;62;adults;24.77;41.94;Germany;left;cymba concha;pre stimulation baseline;Cerbomed;25;600;250;1.78;individually;no;ECG (glued);RMSSD;500;resting baseline;NA;NA;NA;NA;NA;48.44;43.85;4.589999999999996;20.01;17.46;NA;NA;NA;NA;NA;NA;NA;NA;NA;NA;positive;no;NA;x; ; ; ; ; ;RMSSD
-0.06060287895013871;0.033348636287237686;Borges, 2019;2019;"Borges, Uirassu; Laborde, Sylvain; Raab, Markus";45;3;1;Influence of transcutaneous vagus nerve stimulation on cardiac vagal activity: Not different from sham stimulation and no effect of stimulation intensity;10.1371/journal.pone.0223848;PLoS ONE;within;healthy;single blind;60;60;60;adults;23.62;51.67;US;left;cymba concha;sham;Cerbomed;25;600;250;1;fixed;no;ECG (glued);RMSSD;500;resting baseline;NA;NA;NA;NA;NA;63.18;64.87;-1.6900000000000048;26.67;28.71;NA;NA;NA;NA;NA;NA;NA;NA;NA;NA;null;no;NA;x; ; ; ; ; ;RMSSD
-0.013949287160852981;0.0333341440942179;Borges, 2019;2019;"Borges, Uirassu; Laborde, Sylvain; Raab, Markus";45;3;2;Influence of transcutaneous vagus nerve stimulation on cardiac vagal activity: Not different from sham stimulation and no effect of stimulation intensity;10.1371/journal.pone.0223848;PLoS ONE;within;healthy;single blind;60;60;60;adults;23.62;51.67;US;left;cymba concha;sham;Cerbomed;25;600;250;1;fixed;no;ECG (glued);RMSSD;500;resting baseline;NA;NA;NA;NA;NA;65.79;66.21;-0.4199999999999875;29.05;30.76;NA;NA;NA;NA;NA;NA;NA;NA;NA;NA;null;no;NA;x; ; ; ; ; ;RMSSD
-0.004071411672252921;0.03333340240163752;Borges, 2019;2019;"Borges, Uirassu; Laborde, Sylvain; Raab, Markus";45;3;3;Influence of transcutaneous vagus nerve stimulation on cardiac vagal activity: Not different from sham stimulation and no effect of stimulation intensity;10.1371/journal.pone.0223848;PLoS ONE;within;healthy;single blind;60;60;60;adults;23.62;51.67;US;left;cymba concha;sham;Cerbomed;25;600;250;2.5;individually;no;ECG (glued);RMSSD;500;resting baseline;NA;NA;NA;NA;NA;63.5;63.61;-0.10999999999999943;25.65;27.99;NA;NA;NA;NA;NA;NA;NA;NA;NA;NA;null;no;NA;x; ; ; ; ; ;RMSSD
0.02466831133866499;0.03333586885660125;Borges, 2019;2019;"Borges, Uirassu; Laborde, Sylvain; Raab, Markus";45;3;4;Influence of transcutaneous vagus nerve stimulation on cardiac vagal activity: Not different from sham stimulation and no effect of stimulation intensity;10.1371/journal.pone.0223848;PLoS ONE;within;healthy;single blind;60;60;60;adults;23.62;51.67;US;left;cymba concha;sham;Cerbomed;25;600;250;2.5;individually;no;ECG (glued);RMSSD;500;resting baseline;NA;NA;NA;NA;NA;64.72;64.04;0.6799999999999926;27.32;27.46;NA;NA;NA;NA;NA;NA;NA;NA;NA;NA;null;no;NA;x; ; ; ; ; ;RMSSD
0.01866998736265588;0.03333478570178384;Borges, 2019;2019;"Borges, Uirassu; Laborde, Sylvain; Raab, Markus";45;3;5;Influence of transcutaneous vagus nerve stimulation on cardiac vagal activity: Not different from sham stimulation and no effect of stimulation intensity;10.1371/journal.pone.0223848;PLoS ONE;within;healthy;single blind;60;60;60;adults;23.62;51.67;US;left;cymba concha;pre stimulation baseline;Cerbomed;25;600;250;2.5;individually;no;ECG (glued);RMSSD;500;resting baseline;NA;NA;NA;NA;NA;63.18;62.7;0.4799999999999969;26.67;24.37;NA;NA;NA;NA;NA;NA;NA;NA;NA;NA;null;no;NA;x; ; ; ; ; ;RMSSD
0.11451128471393082;0.03338797014302848;Borges, 2019;2019;"Borges, Uirassu; Laborde, Sylvain; Raab, Markus";45;3;6;Influence of transcutaneous vagus nerve stimulation on cardiac vagal activity: Not different from sham stimulation and no effect of stimulation intensity;10.1371/journal.pone.0223848;PLoS ONE;within;healthy;single blind;60;60;60;adults;23.62;51.67;US;left;cymba concha;pre stimulation baseline;Cerbomed;25;600;250;2.5;individually;no;ECG (glued);RMSSD;500;resting baseline;NA;NA;NA;NA;NA;65.79;62.7;3.0900000000000034;29.05;24.37;NA;NA;NA;NA;NA;NA;NA;NA;NA;NA;null;no;NA;x; ; ; ; ; ;RMSSD
0.10930473741590353;0.03338311469008983;Borges, 2019;2019;"Borges, Uirassu; Laborde, Sylvain; Raab, Markus";45;3;7;Influence of transcutaneous vagus nerve stimulation on cardiac vagal activity: Not different from sham stimulation and no effect of stimulation intensity;10.1371/journal.pone.0223848;PLoS ONE;within;healthy;single blind;60;60;60;adults;23.62;51.67;US;left;cymba concha;pre stimulation baseline;Cerbomed;25;600;250;2.5;individually;no;ECG (glued);RMSSD;500;resting baseline;NA;NA;NA;NA;NA;63.5;60.75;2.75;25.65;24.33;NA;NA;NA;NA;NA;NA;NA;NA;NA;NA;null;no;NA;x; ; ; ; ; ;RMSSD
0.1524922055813297;0.03343022446984608;Borges, 2019;2019;"Borges, Uirassu; Laborde, Sylvain; Raab, Markus";45;3;8;Influence of transcutaneous vagus nerve stimulation on cardiac vagal activity: Not different from sham stimulation and no effect of stimulation intensity;10.1371/journal.pone.0223848;PLoS ONE;within;healthy;single blind;60;60;60;adults;23.62;51.67;US;left;cymba concha;pre stimulation baseline;Cerbomed;25;600;250;2.5;individually;no;ECG (glued);RMSSD;500;resting baseline;NA;NA;NA;NA;NA;64.72;60.75;3.969999999999999;27.32;24.33;NA;NA;NA;NA;NA;NA;NA;NA;NA;NA;null;no;NA;x; ; ; ; ; ;RMSSD
0.5989554832157017;0.10448434588592694;Juel, 2017;2017;"Juel, Jacob; Brock, Christina; Olesen, S√∏ren S.; Madzak, Adnan; Farmer, Adam D.; Aziz, Qasim; Fr√∏kj√¶r, Jens B.; Drewes, Asbj√∏rn Mohr";53;1;1;Acute physiological and electrical accentuation of vagal tone has no effect on pain or gastrointestinal motility in chronic pancreatitis;10.2147/JPR.S133438;J Pain Res;within;Pancreatitis patients;single blind;20;20;20;adults;61;40;Denmark;left;cymba concha;sham;Cerbomed;30;3600;250;5;individually;no;ECG (glued);CVT;NA;resting baseline;NA;NA;NA;NA;NA;6.2;3.9;2.3000000000000003;4.8;2.3;NA;NA;NA;NA;NA;NA;NA;NA;NA;NA;positive;no;"CVT calculated with ""phase shift demodulation"""; ; ; ; ; ;x;CVT
0.6825224790927821;0.10582296168083696;Juel, 2017;2017;"Juel, Jacob; Brock, Christina; Olesen, S√∏ren S.; Madzak, Adnan; Farmer, Adam D.; Aziz, Qasim; Fr√∏kj√¶r, Jens B.; Drewes, Asbj√∏rn Mohr";53;1;2;Acute physiological and electrical accentuation of vagal tone has no effect on pain or gastrointestinal motility in chronic pancreatitis;10.2147/JPR.S133438;J Pain Res;within;Pancreatitis patients;single blind;20;20;20;adults;61;40;Denmark;left;cymba concha;pre stimulation baseline;Cerbomed;30;3600;250;5;individually;no;ECG (glued);CVT;NA;resting baseline;NA;NA;NA;NA;NA;6.2;3.6;2.6;4.8;2.2;NA;NA;NA;NA;NA;NA;NA;NA;NA;NA;positive;no;"CVT calculated with ""phase shift demodulation"""; ; ; ; ; ;x;CVT
0;0.08333333333333333;Tran, 2019;2019;"Tran, Nicole; Asad, Zain; Elkholey, Khaled; Scherlag, Benjamin J.; Po, Sunny S.; Stavrakis, Stavros";60;1;1;Autonomic Neuromodulation Acutely Ameliorates Left Ventricular Strain in Humans;10.1007/s12265-018-9853-6;J Cardiovasc Transl Res;within;Diastolic dysfunction patients;double blind;24;24;24;elderly;68.3;45.83;US;right;tragus;sham;TENS;20;3600;200;22.6;individually;no;ECG (glued);SDNN;1000;resting baseline;NA;NA;NA;NA;0.57;3.1;3.1;0;0.2;0.2;NA;NA;NA;NA;NA;NA;NA;NA;NA;NA;null;no;NA;x;x;x;x;x; ;RMSSD, HF-HRV, pNN50, LF/HF Ratio, SDNN
0.49179577875214764;0.08585274049998365;Tran, 2019;2019;"Tran, Nicole; Asad, Zain; Elkholey, Khaled; Scherlag, Benjamin J.; Po, Sunny S.; Stavrakis, Stavros";60;1;2;Autonomic Neuromodulation Acutely Ameliorates Left Ventricular Strain in Humans;10.1007/s12265-018-9853-6;J Cardiovasc Transl Res;within;Diastolic dysfunction patients;double blind;24;24;24;elderly;68.3;45.83;US;right;tragus;sham;TENS;20;3600;200;22.6;individually;no;ECG (glued);RMSSD;1000;resting baseline;NA;NA;NA;NA;0.82;3.1;3;0.10000000000000009;0.2;0.2;NA;NA;NA;NA;NA;NA;NA;NA;NA;NA;null;no;NA;x;x;x;x;x; ;RMSSD, HF-HRV, pNN50, LF/HF Ratio, SDNN
-1.4753873362564418;0.10600799783318623;Tran, 2019;2019;"Tran, Nicole; Asad, Zain; Elkholey, Khaled; Scherlag, Benjamin J.; Po, Sunny S.; Stavrakis, Stavros";60;1;3;Autonomic Neuromodulation Acutely Ameliorates Left Ventricular Strain in Humans;10.1007/s12265-018-9853-6;J Cardiovasc Transl Res;within;Diastolic dysfunction patients;double blind;24;24;24;elderly;68.3;45.83;US;right;tragus;sham;TENS;20;3600;200;22.6;individually;no;ECG (glued);pNN50;1000;resting baseline;NA;NA;NA;NA;0.29;1.2;1.8;-0.6000000000000001;0.4;0.4;NA;NA;NA;NA;NA;NA;NA;NA;NA;NA;null;no;NA;x;x;x;x;x; ;RMSSD, HF-HRV, pNN50, LF/HF Ratio, SDNN
0.43447806691813806;0.08529969990242627;Tran, 2019;2019;"Tran, Nicole; Asad, Zain; Elkholey, Khaled; Scherlag, Benjamin J.; Po, Sunny S.; Stavrakis, Stavros";60;1;4;Autonomic Neuromodulation Acutely Ameliorates Left Ventricular Strain in Humans;10.1007/s12265-018-9853-6;J Cardiovasc Transl Res;within;Diastolic dysfunction patients;double blind;24;24;24;elderly;68.3;45.83;US;right;tragus;sham;TENS;20;3600;200;22.6;individually;no;ECG (glued);HF-HRV;1000;resting baseline;NA;NA;NA;NA;0.38;5;4.8;0.20000000000000018;0.5;0.4;NA;NA;NA;NA;NA;NA;NA;NA;NA;NA;null;no;NA;x;x;x;x;x; ;RMSSD, HF-HRV, pNN50, LF/HF Ratio, SDNN
3.1966725618889567;0.18977828612430941;Tran, 2019;2019;"Tran, Nicole; Asad, Zain; Elkholey, Khaled; Scherlag, Benjamin J.; Po, Sunny S.; Stavrakis, Stavros";60;1;5;Autonomic Neuromodulation Acutely Ameliorates Left Ventricular Strain in Humans;10.1007/s12265-018-9853-6;J Cardiovasc Transl Res;within;Diastolic dysfunction patients;double blind;24;24;24;elderly;68.3;45.83;US;right;tragus;sham;TENS;20;3600;200;22.6;individually;no;ECG (glued);LF/HF Ratio;1000;resting baseline;NA;NA;NA;NA;0.002;1.8;3.1;-1.3;0.4;0.4;NA;NA;NA;NA;NA;NA;NA;NA;NA;NA;positive;yes;NA;x;x;x;x;x; ;RMSSD, HF-HRV, pNN50, LF/HF Ratio, SDNN
0;0.08333333333333333;Tran, 2019;2019;"Tran, Nicole; Asad, Zain; Elkholey, Khaled; Scherlag, Benjamin J.; Po, Sunny S.; Stavrakis, Stavros";60;1;1;Autonomic Neuromodulation Acutely Ameliorates Left Ventricular Strain in Humans;10.1007/s12265-018-9853-6;J Cardiovasc Transl Res;within;Diastolic dysfunction patients;double blind;24;24;24;elderly;68.3;45.83;US;right;tragus;pre stimulation baseline;TENS;20;3600;200;22.6;individually;no;ECG (glued);SDNN;1000;resting baseline;NA;NA;NA;NA;0.57;3.1;3.1;0;0.2;0.2;NA;NA;NA;NA;NA;NA;NA;NA;NA;NA;null;no;NA;x;x;x;x;x; ;RMSSD, HF-HRV, pNN50, LF/HF Ratio, SDNN
0.49179577875214764;0.08585274049998365;Tran, 2019;2019;"Tran, Nicole; Asad, Zain; Elkholey, Khaled; Scherlag, Benjamin J.; Po, Sunny S.; Stavrakis, Stavros";60;1;2;Autonomic Neuromodulation Acutely Ameliorates Left Ventricular Strain in Humans;10.1007/s12265-018-9853-6;J Cardiovasc Transl Res;within;Diastolic dysfunction patients;double blind;24;24;24;elderly;68.3;45.83;US;right;tragus;pre stimulation baseline;TENS;20;3600;200;22.6;individually;no;ECG (glued);RMSSD;1000;resting baseline;NA;NA;NA;NA;0.82;3.1;3;0.10000000000000009;0.2;0.2;NA;NA;NA;NA;NA;NA;NA;NA;NA;NA;null;no;NA;x;x;x;x;x; ;RMSSD, HF-HRV, pNN50, LF/HF Ratio, SDNN
-0.9835915575042946;0.09341096199993462;Tran, 2019;2019;"Tran, Nicole; Asad, Zain; Elkholey, Khaled; Scherlag, Benjamin J.; Po, Sunny S.; Stavrakis, Stavros";60;1;3;Autonomic Neuromodulation Acutely Ameliorates Left Ventricular Strain in Humans;10.1007/s12265-018-9853-6;J Cardiovasc Transl Res;within;Diastolic dysfunction patients;double blind;24;24;24;elderly;68.3;45.83;US;right;tragus;pre stimulation baseline;TENS;20;3600;200;22.6;individually;no;ECG (glued);pNN50;1000;resting baseline;NA;NA;NA;NA;0.29;1.2;1.6;-0.40000000000000013;0.4;0.4;NA;NA;NA;NA;NA;NA;NA;NA;NA;NA;null;no;NA;x;x;x;x;x; ;RMSSD, HF-HRV, pNN50, LF/HF Ratio, SDNN
0.19671831150085817;0.08373643847999737;Tran, 2019;2019;"Tran, Nicole; Asad, Zain; Elkholey, Khaled; Scherlag, Benjamin J.; Po, Sunny S.; Stavrakis, Stavros";60;1;4;Autonomic Neuromodulation Acutely Ameliorates Left Ventricular Strain in Humans;10.1007/s12265-018-9853-6;J Cardiovasc Transl Res;within;Diastolic dysfunction patients;double blind;24;24;24;elderly;68.3;45.83;US;right;tragus;pre stimulation baseline;TENS;20;3600;200;22.6;individually;no;ECG (glued);HF-HRV;1000;resting baseline;NA;NA;NA;NA;0.38;5;4.9;0.09999999999999964;0.5;0.5;NA;NA;NA;NA;NA;NA;NA;NA;NA;NA;null;no;NA;x;x;x;x;x; ;RMSSD, HF-HRV, pNN50, LF/HF Ratio, SDNN
0.7376936681282209;0.08900199945829655;Tran, 2019;2019;"Tran, Nicole; Asad, Zain; Elkholey, Khaled; Scherlag, Benjamin J.; Po, Sunny S.; Stavrakis, Stavros";60;1;5;Autonomic Neuromodulation Acutely Ameliorates Left Ventricular Strain in Humans;10.1007/s12265-018-9853-6;J Cardiovasc Transl Res;within;Diastolic dysfunction patients;double blind;24;24;24;elderly;68.3;45.83;US;right;tragus;pre stimulation baseline;TENS;20;3600;200;22.6;individually;no;ECG (glued);LF/HF Ratio;1000;resting baseline;NA;NA;NA;NA;0.002;1.8;2.1;-0.30000000000000004;0.4;0.4;NA;NA;NA;NA;NA;NA;NA;NA;NA;NA;positive;yes;NA;x;x;x;x;x; ;RMSSD, HF-HRV, pNN50, LF/HF Ratio, SDNN
-0.02798755075612571;0.06667319419164439;Koenig, 2019;2019;"Koenig, Julian; Parzer, Peter; Haigis, Niklas; Liebemann, Jasmin; Jung, Tamara; Resch, Franz; Kaess, Michael";63;1;1;Effects of acute transcutaneous vagus nerve stimulation on emotion recognition in adolescent depression;10.1017/S0033291719003490;Psychol. Med.;within;healthy;single blind;30;30;30;adolescents;NA;80;Germany;left;cymba concha;sham;Cerbomed;1;300;250;0.5;fixed;no;ECG (glued);SDNN;NA;task baseline;NA;NA;NA;NA;NA;69.97742;70.64452;-0.6671000000000049;22.27395;24.71436;NA;NA;NA;NA;NA;NA;NA;NA;NA;NA;negative;no;NA;x; ;x; ;x; ;RMSSD, pNN50, SDNN
-0.013671317371139897;0.06666822420765552;Koenig, 2019;2019;"Koenig, Julian; Parzer, Peter; Haigis, Niklas; Liebemann, Jasmin; Jung, Tamara; Resch, Franz; Kaess, Michael";63;1;2;Effects of acute transcutaneous vagus nerve stimulation on emotion recognition in adolescent depression;10.1017/S0033291719003490;Psychol. Med.;within;healthy;single blind;30;30;30;adolescents;NA;80;Germany;left;cymba concha;sham;Cerbomed;1;300;250;0.5;fixed;no;ECG (glued);pNN50;NA;task baseline;NA;NA;NA;NA;NA;35.32631;35.64582;-0.31951000000000107;22.13078;23.96685;NA;NA;NA;NA;NA;NA;NA;NA;NA;NA;negative;no;NA;x; ;x; ;x; ;RMSSD, pNN50, SDNN
-0.050732080297948706;0.06668811453309464;Koenig, 2019;2019;"Koenig, Julian; Parzer, Peter; Haigis, Niklas; Liebemann, Jasmin; Jung, Tamara; Resch, Franz; Kaess, Michael";63;1;3;Effects of acute transcutaneous vagus nerve stimulation on emotion recognition in adolescent depression;10.1017/S0033291719003490;Psychol. Med.;within;healthy;single blind;30;30;30;adolescents;NA;80;Germany;left;cymba concha;sham;Cerbomed;1;300;250;0.5;fixed;no;ECG (glued);RMSSD;NA;task baseline;NA;NA;NA;NA;NA;59.92411;61.56902;-1.644910000000003;30.16501;33.73927;NA;NA;NA;NA;NA;NA;NA;NA;NA;NA;negative;no;NA;x; ;x; ;x; ;RMSSD, pNN50, SDNN
0.3274207459791691;0.06756003620747963;Koenig, 2019;2019;"Koenig, Julian; Parzer, Peter; Haigis, Niklas; Liebemann, Jasmin; Jung, Tamara; Resch, Franz; Kaess, Michael";63;1;4;Effects of acute transcutaneous vagus nerve stimulation on emotion recognition in adolescent depression;10.1017/S0033291719003490;Psychol. Med.;within;healthy;single blind;30;30;30;adolescents;NA;80;Germany;left;cymba concha;sham;Cerbomed;1;4000;250;0.5;fixed;no;ECG (glued);SDNN;NA;task baseline;NA;NA;NA;NA;NA;68.25757;61.42077;6.836800000000004;21.87724;19.25828;NA;NA;NA;NA;NA;NA;NA;NA;NA;NA;positive;no;NA;x; ;x; ;x; ;RMSSD, pNN50, SDNN
0.1588017382160764;0.06687681660050372;Koenig, 2019;2019;"Koenig, Julian; Parzer, Peter; Haigis, Niklas; Liebemann, Jasmin; Jung, Tamara; Resch, Franz; Kaess, Michael";63;1;5;Effects of acute transcutaneous vagus nerve stimulation on emotion recognition in adolescent depression;10.1017/S0033291719003490;Psychol. Med.;within;healthy;single blind;30;30;30;adolescents;NA;80;Germany;left;cymba concha;sham;Cerbomed;1;4000;250;0.5;fixed;no;ECG (glued);pNN50;NA;task baseline;NA;NA;NA;NA;NA;31.73972;28.83489;2.904829999999997;17.30678;18.77236;NA;NA;NA;NA;NA;NA;NA;NA;NA;NA;positive;no;NA;x; ;x; ;x; ;RMSSD, pNN50, SDNN
0.21516408970567433;0.0670524632124906;Koenig, 2019;2019;"Koenig, Julian; Parzer, Peter; Haigis, Niklas; Liebemann, Jasmin; Jung, Tamara; Resch, Franz; Kaess, Michael";63;1;6;Effects of acute transcutaneous vagus nerve stimulation on emotion recognition in adolescent depression;10.1017/S0033291719003490;Psychol. Med.;within;healthy;single blind;30;30;30;adolescents;NA;80;Germany;left;cymba concha;sham;Cerbomed;1;4000;250;0.5;fixed;no;ECG (glued);RMSSD;NA;task baseline;NA;NA;NA;NA;NA;53.473;49.14469;4.328310000000002;19.25289;20.43915;NA;NA;NA;NA;NA;NA;NA;NA;NA;NA;positive;no;NA;x; ;x; ;x; ;RMSSD, pNN50, SDNN
-0.09921070710304969;0.060680627003059755;Koenig, 2019;2019;"Koenig, Julian; Parzer, Peter; Haigis, Niklas; Liebemann, Jasmin; Jung, Tamara; Resch, Franz; Kaess, Michael";63;1;7;Effects of acute transcutaneous vagus nerve stimulation on emotion recognition in adolescent depression;10.1017/S0033291719003490;Psychol. Med.;within;Depression patients;single blind;33;33;33;adolescents;NA;81.82;Germany;left;cymba concha;sham;Cerbomed;1;300;250;0.5;fixed;no;ECG (glued);SDNN;NA;task baseline;NA;NA;NA;NA;NA;55.91036;57.78246;-1.8721000000000032;16.60759;20.48581;NA;NA;NA;NA;NA;NA;NA;NA;NA;NA;negative;no;NA;x; ;x; ;x; ;RMSSD, pNN50, SDNN
-0.007890633594476022;0.06060653228862517;Koenig, 2019;2019;"Koenig, Julian; Parzer, Peter; Haigis, Niklas; Liebemann, Jasmin; Jung, Tamara; Resch, Franz; Kaess, Michael";63;1;8;Effects of acute transcutaneous vagus nerve stimulation on emotion recognition in adolescent depression;10.1017/S0033291719003490;Psychol. Med.;within;Depression patients;single blind;33;33;33;adolescents;NA;81.82;Germany;left;cymba concha;sham;Cerbomed;1;300;250;0.5;fixed;no;ECG (glued);pNN50;NA;task baseline;NA;NA;NA;NA;NA;17.1825;17.30091;-0.11840999999999724;14.43917;15.21028;NA;NA;NA;NA;NA;NA;NA;NA;NA;NA;negative;no;NA;x; ;x; ;x; ;RMSSD, pNN50, SDNN
1.416320580657957e-4;0.060606060758027575;Koenig, 2019;2019;"Koenig, Julian; Parzer, Peter; Haigis, Niklas; Liebemann, Jasmin; Jung, Tamara; Resch, Franz; Kaess, Michael";63;1;9;Effects of acute transcutaneous vagus nerve stimulation on emotion recognition in adolescent depression;10.1017/S0033291719003490;Psychol. Med.;within;Depression patients;single blind;33;33;33;adolescents;NA;81.82;Germany;left;cymba concha;sham;Cerbomed;1;300;250;0.5;fixed;no;ECG (glued);RMSSD;NA;task baseline;NA;NA;NA;NA;NA;37.89724;37.89486;0.0023799999999951638;16.88937;16.31828;NA;NA;NA;NA;NA;NA;NA;NA;NA;NA;negative;no;NA;x; ;x; ;x; ;RMSSD, pNN50, SDNN
-0.13921501376266676;0.06075288500043136;Koenig, 2019;2019;"Koenig, Julian; Parzer, Peter; Haigis, Niklas; Liebemann, Jasmin; Jung, Tamara; Resch, Franz; Kaess, Michael";63;1;10;Effects of acute transcutaneous vagus nerve stimulation on emotion recognition in adolescent depression;10.1017/S0033291719003490;Psychol. Med.;within;Depression patients;single blind;33;33;33;adolescents;NA;81.82;Germany;left;cymba concha;sham;Cerbomed;1;4000;250;0.5;fixed;no;ECG (glued);SDNN;NA;task baseline;NA;NA;NA;NA;NA;53.48663;56.26593;-2.779299999999999;19.03346;20.40095;NA;NA;NA;NA;NA;NA;NA;NA;NA;NA;negative;no;NA;x; ;x; ;x; ;RMSSD, pNN50, SDNN
-0.1323933684870855;0.06073884851529816;Koenig, 2019;2019;"Koenig, Julian; Parzer, Peter; Haigis, Niklas; Liebemann, Jasmin; Jung, Tamara; Resch, Franz; Kaess, Michael";63;1;11;Effects of acute transcutaneous vagus nerve stimulation on emotion recognition in adolescent depression;10.1017/S0033291719003490;Psychol. Med.;within;Depression patients;single blind;33;33;33;adolescents;NA;81.82;Germany;left;cymba concha;sham;Cerbomed;1;4000;250;0.5;fixed;no;ECG (glued);pNN50;NA;task baseline;NA;NA;NA;NA;NA;14.89465;16.93873;-2.0440799999999992;14.40631;16.064;NA;NA;NA;NA;NA;NA;NA;NA;NA;NA;negative;no;NA;x; ;x; ;x; ;RMSSD, pNN50, SDNN
-0.11508717399726646;0.06070640195165665;Koenig, 2019;2019;"Koenig, Julian; Parzer, Peter; Haigis, Niklas; Liebemann, Jasmin; Jung, Tamara; Resch, Franz; Kaess, Michael";63;1;12;Effects of acute transcutaneous vagus nerve stimulation on emotion recognition in adolescent depression;10.1017/S0033291719003490;Psychol. Med.;within;Depression patients;single blind;33;33;33;adolescents;NA;81.82;Germany;left;cymba concha;sham;Cerbomed;1;4000;250;0.5;fixed;no;ECG (glued);RMSSD;NA;task baseline;NA;NA;NA;NA;NA;35.10114;37.19764;-2.096499999999999;17.53015;18.46213;NA;NA;NA;NA;NA;NA;NA;NA;NA;NA;negative;no;NA;x; ;x; ;x; ;RMSSD, pNN50, SDNN
0.10841271817608286;0.09104265133479918;Teckentrup, 2020;2020;"Teckentrup, Vanessa; Neubert, Sandra; Santiago, Joao C.; Walter, Martin; Kroemer, Nils B.";64;1;1;Non-invasive stimulation of vagal afferents reduces gastric frequency;10.1016/j.brs.2019.12.018;Brain Stimul;within;healthy;single blind;22;22;22;adults;23.3;63.64;Germany;left;cymba concha;sham;Cerbomed;25;1800;250;1.135;individually;no;ECG (glued);RMSSD;NA;resting baseline;NA;NA;NA;NA;NA;81.36641;76.80024;4.56617;43.6464;38.94175;NA;NA;NA;NA;NA;NA;NA;NA;NA;NA;positive;no;NA;x; ;x; ;x; ;RMSSD, pNN50, SDNN
0.07134227259815665;0.0909669286347667;Teckentrup, 2020;2020;"Teckentrup, Vanessa; Neubert, Sandra; Santiago, Joao C.; Walter, Martin; Kroemer, Nils B.";64;1;2;Non-invasive stimulation of vagal afferents reduces gastric frequency;10.1016/j.brs.2019.12.018;Brain Stimul;within;healthy;single blind;22;22;22;adults;23.3;63.64;Germany;left;cymba concha;sham;Cerbomed;25;1800;250;1.135;individually;no;ECG (glued);SDNN;NA;resting baseline;NA;NA;NA;NA;NA;90.01763;87.17456;2.8430699999999973;40.77664;37.42041;NA;NA;NA;NA;NA;NA;NA;NA;NA;NA;positive;no;NA;x; ;x; ;x; ;RMSSD, pNN50, SDNN
0.02471882328927213;0.09091603432073644;Teckentrup, 2020;2020;"Teckentrup, Vanessa; Neubert, Sandra; Santiago, Joao C.; Walter, Martin; Kroemer, Nils B.";64;1;3;Non-invasive stimulation of vagal afferents reduces gastric frequency;10.1016/j.brs.2019.12.018;Brain Stimul;within;healthy;single blind;22;22;22;adults;23.3;63.64;Germany;left;cymba concha;sham;Cerbomed;25;1800;250;1.135;individually;no;ECG (glued);pNN50;NA;resting baseline;NA;NA;NA;NA;NA;42.91482;42.43473;0.480089999999997;19.03775;19.10777;NA;NA;NA;NA;NA;NA;NA;NA;NA;NA;positive;no;NA;x; ;x; ;x; ;RMSSD, pNN50, SDNN
0.6849700493773376;0.04234591984271996;Weise, 2015;2015;"Weise, David; Adamidis, Melanie; Pizzolato, Fabio; Rumpf, Jost-Julian; Fricke, Christopher; Classen, Joseph; Chen, Robert";65;1;1;Assessment of Brainstem Function with Auricular Branch of Vagus Nerve Stimulation in Parkinson’s Disease;10.1371/journal.pone.0120786;PloS ONE;within;healthy;transparent;50;50;50;adults;64.2;42;Germany;right;tragus;pre stimulation baseline;other;0.5;180;100;8;fixed;no;ECG (glued);HF-HRV;NA;resting baseline;NA;NA;NA;NA;NA;1.7;1.52;0.17999999999999994;0.28;0.24;NA;NA;NA;NA;NA;NA;NA;NA;NA;NA;positive;no;NA; ;x; ;x; ; ;HF-HRV, LF/HF Ratio
1.3985106442675894;0.04977916011064874;Weise, 2015;2015;"Weise, David; Adamidis, Melanie; Pizzolato, Fabio; Rumpf, Jost-Julian; Fricke, Christopher; Classen, Joseph; Chen, Robert";65;1;2;Assessment of Brainstem Function with Auricular Branch of Vagus Nerve Stimulation in Parkinson’s Disease;10.1371/journal.pone.0120786;PloS ONE;within;healthy;transparent;50;50;50;adults;64.2;42;Germany;right;tragus;pre stimulation baseline;other;0.5;180;100;8;fixed;no;ECG (glued);LF/HF Ratio;NA;resting baseline;NA;NA;NA;NA;NA;0.48;0.6;-0.12;0.08;0.09;NA;NA;NA;NA;NA;NA;NA;NA;NA;NA;positive;yes;NA; ;x; ;x; ; ;HF-HRV, LF/HF Ratio
-0.517245647280822;0.04133771529815478;Weise, 2015;2015;"Weise, David; Adamidis, Melanie; Pizzolato, Fabio; Rumpf, Jost-Julian; Fricke, Christopher; Classen, Joseph; Chen, Robert";65;1;3;Assessment of Brainstem Function with Auricular Branch of Vagus Nerve Stimulation in Parkinson’s Disease;10.1371/journal.pone.0120786;PloS ONE;within;healthy;transparent;50;50;50;adults;64.2;42;Germany;left;tragus;pre stimulation baseline;other;0.5;180;100;8;fixed;no;ECG (glued);HF-HRV;NA;resting baseline;NA;NA;NA;NA;NA;1.4;1.52;-0.1200000000000001;0.22;0.24;NA;NA;NA;NA;NA;NA;NA;NA;NA;NA;negative;no;NA; ;x; ;x; ; ;HF-HRV, LF/HF Ratio
0.81579787582276;0.04332763087098464;Weise, 2015;2015;"Weise, David; Adamidis, Melanie; Pizzolato, Fabio; Rumpf, Jost-Julian; Fricke, Christopher; Classen, Joseph; Chen, Robert";65;1;4;Assessment of Brainstem Function with Auricular Branch of Vagus Nerve Stimulation in Parkinson’s Disease;10.1371/journal.pone.0120786;PloS ONE;within;healthy;transparent;50;50;50;adults;64.2;42;Germany;left;tragus;pre stimulation baseline;other;0.5;180;100;8;fixed;no;ECG (glued);LF/HF Ratio;NA;resting baseline;NA;NA;NA;NA;NA;0.53;0.6;-0.06999999999999995;0.08;0.09;NA;NA;NA;NA;NA;NA;NA;NA;NA;NA;positive;yes;NA; ;x; ;x; ; ;HF-HRV, LF/HF Ratio
0.6600841641412263;0.042178555518750105;Weise, 2015;2015;"Weise, David; Adamidis, Melanie; Pizzolato, Fabio; Rumpf, Jost-Julian; Fricke, Christopher; Classen, Joseph; Chen, Robert";65;1;5;Assessment of Brainstem Function with Auricular Branch of Vagus Nerve Stimulation in Parkinson’s Disease;10.1371/journal.pone.0120786;PloS ONE;within;Parkinson's disease patients;transparent;50;50;50;adults;64.3;42;Germany;right;tragus;pre stimulation baseline;other;0.5;180;100;8;fixed;no;ECG (glued);HF-HRV;NA;resting baseline;NA;NA;NA;NA;NA;1.07;0.97;0.10000000000000009;0.16;0.14;NA;NA;NA;NA;NA;NA;NA;NA;NA;NA;positive;no;NA; ;x; ;x; ; ;HF-HRV, LF/HF Ratio
2.385708910589423;0.06845803503032886;Weise, 2015;2015;"Weise, David; Adamidis, Melanie; Pizzolato, Fabio; Rumpf, Jost-Julian; Fricke, Christopher; Classen, Joseph; Chen, Robert";65;1;6;Assessment of Brainstem Function with Auricular Branch of Vagus Nerve Stimulation in Parkinson’s Disease;10.1371/journal.pone.0120786;PloS ONE;within;Parkinson's disease patients;transparent;50;50;50;adults;64.3;42;Germany;right;tragus;pre stimulation baseline;other;0.5;180;100;8;fixed;no;ECG (glued);LF/HF Ratio;NA;resting baseline;NA;NA;NA;NA;NA;0.38;0.55;-0.17000000000000004;0.06;0.08;NA;NA;NA;NA;NA;NA;NA;NA;NA;NA;positive;yes;NA; ;x; ;x; ; ;HF-HRV, LF/HF Ratio
0.2051864785388653;0.0402105074548759;Weise, 2015;2015;"Weise, David; Adamidis, Melanie; Pizzolato, Fabio; Rumpf, Jost-Julian; Fricke, Christopher; Classen, Joseph; Chen, Robert";65;1;7;Assessment of Brainstem Function with Auricular Branch of Vagus Nerve Stimulation in Parkinson’s Disease;10.1371/journal.pone.0120786;PloS ONE;within;Parkinson's disease patients;transparent;50;50;50;adults;64.3;42;Germany;left;tragus;pre stimulation baseline;other;0.5;180;100;8;fixed;no;ECG (glued);HF-HRV;NA;resting baseline;NA;NA;NA;NA;NA;1;0.97;0.030000000000000027;0.15;0.14;NA;NA;NA;NA;NA;NA;NA;NA;NA;NA;positive;no;NA; ;x; ;x; ; ;HF-HRV, LF/HF Ratio
0.9241178297977168;0.04426996881675021;Weise, 2015;2015;"Weise, David; Adamidis, Melanie; Pizzolato, Fabio; Rumpf, Jost-Julian; Fricke, Christopher; Classen, Joseph; Chen, Robert";65;1;8;Assessment of Brainstem Function with Auricular Branch of Vagus Nerve Stimulation in Parkinson’s Disease;10.1371/journal.pone.0120786;PloS ONE;within;Parkinson's disease patients;transparent;50;50;50;adults;64.3;42;Germany;left;tragus;pre stimulation baseline;other;0.5;180;100;8;fixed;no;ECG (glued);LF/HF Ratio;NA;resting baseline;NA;NA;NA;NA;NA;0.48;0.55;-0.07000000000000006;0.07;0.08;NA;NA;NA;NA;NA;NA;NA;NA;NA;NA;positive;yes;NA; ;x; ;x; ; ;HF-HRV, LF/HF Ratio
